roc_auc,std,params,model__grow_policy,model__learning_rate,model__max_depth,model__min_child_samples,model__reg_lambda,model__subsample
0.8648714594673018,0.0038271005113628322,"{'model__grow_policy': 'Depthwise', 'model__learning_rate': 0.1, 'model__max_depth': 13, 'model__min_child_samples': 150, 'model__reg_lambda': 96.06219803015938, 'model__subsample': 1.0}",Depthwise,0.1,13,150,96.06219803015938,1.0
0.8648018823839898,0.0037537575770868028,"{'model__grow_policy': 'Depthwise', 'model__learning_rate': 0.1, 'model__max_depth': 12, 'model__min_child_samples': 150, 'model__reg_lambda': 76.68233954404866, 'model__subsample': 0.7}",Depthwise,0.1,12,150,76.68233954404866,0.7
0.8647261011649663,0.003575131148722549,"{'model__grow_policy': 'Depthwise', 'model__learning_rate': 0.1, 'model__max_depth': 11, 'model__min_child_samples': 150, 'model__reg_lambda': 37.86054816288982, 'model__subsample': 1.0}",Depthwise,0.1,11,150,37.86054816288982,1.0
0.8647155647651861,0.004077241775829752,"{'model__grow_policy': 'Depthwise', 'model__learning_rate': 0.1, 'model__max_depth': 15, 'model__min_child_samples': 150, 'model__reg_lambda': 79.93186778571027, 'model__subsample': 0.7}",Depthwise,0.1,15,150,79.93186778571027,0.7
0.8647019975903911,0.003487213668874619,"{'model__grow_policy': 'Depthwise', 'model__learning_rate': 0.1, 'model__max_depth': 11, 'model__min_child_samples': 75, 'model__reg_lambda': 23.950855506838003, 'model__subsample': 1.0}",Depthwise,0.1,11,75,23.950855506838003,1.0
0.864592069860303,0.0035749077576880616,"{'model__grow_policy': 'Depthwise', 'model__learning_rate': 0.1, 'model__max_depth': 7, 'model__min_child_samples': 150, 'model__reg_lambda': 57.07763543831076, 'model__subsample': 0.7}",Depthwise,0.1,7,150,57.07763543831076,0.7
0.8645777987440123,0.0036987111157629642,"{'model__grow_policy': 'Depthwise', 'model__learning_rate': 0.1, 'model__max_depth': 11, 'model__min_child_samples': 150, 'model__reg_lambda': 15.369399250642235, 'model__subsample': 1.0}",Depthwise,0.1,11,150,15.369399250642235,1.0
0.864568453705114,0.0037943317749102707,"{'model__grow_policy': 'Depthwise', 'model__learning_rate': 0.1, 'model__max_depth': 13, 'model__min_child_samples': 150, 'model__reg_lambda': 98.19469401259488, 'model__subsample': 1.0}",Depthwise,0.1,13,150,98.19469401259488,1.0
0.8645576613829986,0.0034963069117537556,"{'model__grow_policy': 'Depthwise', 'model__learning_rate': 0.1, 'model__max_depth': 13, 'model__min_child_samples': 150, 'model__reg_lambda': 84.76651620291317, 'model__subsample': 1.0}",Depthwise,0.1,13,150,84.76651620291317,1.0
0.8645453352529187,0.00364423266674663,"{'model__grow_policy': 'Depthwise', 'model__learning_rate': 0.1, 'model__max_depth': 12, 'model__min_child_samples': 150, 'model__reg_lambda': 72.29213607952204, 'model__subsample': 1.0}",Depthwise,0.1,12,150,72.29213607952204,1.0
0.8645367086688843,0.0034751745580379853,"{'model__grow_policy': 'Depthwise', 'model__learning_rate': 0.1, 'model__max_depth': 10, 'model__min_child_samples': 150, 'model__reg_lambda': 78.55413340107305, 'model__subsample': 1.0}",Depthwise,0.1,10,150,78.55413340107305,1.0
0.8645177999728191,0.003659956374881728,"{'model__grow_policy': 'Depthwise', 'model__learning_rate': 0.1, 'model__max_depth': 13, 'model__min_child_samples': 150, 'model__reg_lambda': 83.44566195696015, 'model__subsample': 1.0}",Depthwise,0.1,13,150,83.44566195696015,1.0
0.8645089195659507,0.0038844200828291437,"{'model__grow_policy': 'Depthwise', 'model__learning_rate': 0.1, 'model__max_depth': 15, 'model__min_child_samples': 150, 'model__reg_lambda': 80.22658416589897, 'model__subsample': 0.7}",Depthwise,0.1,15,150,80.22658416589897,0.7
0.8644982965668042,0.0036460881062102685,"{'model__grow_policy': 'Lossguide', 'model__learning_rate': 0.1, 'model__max_depth': 14, 'model__min_child_samples': 150, 'model__reg_lambda': 55.99218960421216, 'model__subsample': 0.9}",Lossguide,0.1,14,150,55.99218960421216,0.9
0.8644962610860875,0.003438095077233942,"{'model__grow_policy': 'Depthwise', 'model__learning_rate': 0.2, 'model__max_depth': 7, 'model__min_child_samples': 150, 'model__reg_lambda': 32.699597021709245, 'model__subsample': 0.7}",Depthwise,0.2,7,150,32.699597021709245,0.7
0.8644884703988793,0.0034709913606454654,"{'model__grow_policy': 'Depthwise', 'model__learning_rate': 0.1, 'model__max_depth': 13, 'model__min_child_samples': 150, 'model__reg_lambda': 91.94922366436498, 'model__subsample': 1.0}",Depthwise,0.1,13,150,91.94922366436498,1.0
0.8644669250507903,0.0038327691972710972,"{'model__grow_policy': 'Depthwise', 'model__learning_rate': 0.1, 'model__max_depth': 12, 'model__min_child_samples': 150, 'model__reg_lambda': 71.89625117333478, 'model__subsample': 1.0}",Depthwise,0.1,12,150,71.89625117333478,1.0
0.8644665482871574,0.0036211754792624157,"{'model__grow_policy': 'Depthwise', 'model__learning_rate': 0.1, 'model__max_depth': 12, 'model__min_child_samples': 150, 'model__reg_lambda': 77.49360759645045, 'model__subsample': 1.0}",Depthwise,0.1,12,150,77.49360759645045,1.0
0.8644544572501245,0.0035250592381603496,"{'model__grow_policy': 'Depthwise', 'model__learning_rate': 0.1, 'model__max_depth': 15, 'model__min_child_samples': 10, 'model__reg_lambda': 51.01262525970978, 'model__subsample': 0.7}",Depthwise,0.1,15,10,51.01262525970978,0.7
0.864415870473356,0.003668405032506571,"{'model__grow_policy': 'Depthwise', 'model__learning_rate': 0.1, 'model__max_depth': 13, 'model__min_child_samples': 150, 'model__reg_lambda': 83.76635773284738, 'model__subsample': 1.0}",Depthwise,0.1,13,150,83.76635773284738,1.0
0.8644096874925626,0.0037397087625049654,"{'model__grow_policy': 'Depthwise', 'model__learning_rate': 0.1, 'model__max_depth': 13, 'model__min_child_samples': 150, 'model__reg_lambda': 90.04687239733896, 'model__subsample': 1.0}",Depthwise,0.1,13,150,90.04687239733896,1.0
0.8644096367530224,0.003739603989647364,"{'model__grow_policy': 'Depthwise', 'model__learning_rate': 0.1, 'model__max_depth': 13, 'model__min_child_samples': 150, 'model__reg_lambda': 90.04484612665073, 'model__subsample': 1.0}",Depthwise,0.1,13,150,90.04484612665073,1.0
0.8644018333091974,0.003935287295063206,"{'model__grow_policy': 'Depthwise', 'model__learning_rate': 0.1, 'model__max_depth': 12, 'model__min_child_samples': 150, 'model__reg_lambda': 98.71555409923445, 'model__subsample': 1.0}",Depthwise,0.1,12,150,98.71555409923445,1.0
0.8643991490133937,0.003800536114551802,"{'model__grow_policy': 'Depthwise', 'model__learning_rate': 0.1, 'model__max_depth': 10, 'model__min_child_samples': 150, 'model__reg_lambda': 63.57691363581089, 'model__subsample': 0.9}",Depthwise,0.1,10,150,63.57691363581089,0.9
0.8643953729467713,0.0035251152083337726,"{'model__grow_policy': 'Depthwise', 'model__learning_rate': 0.1, 'model__max_depth': 15, 'model__min_child_samples': 150, 'model__reg_lambda': 95.86702324830816, 'model__subsample': 1.0}",Depthwise,0.1,15,150,95.86702324830816,1.0
0.8643872930166804,0.0039999901734394435,"{'model__grow_policy': 'Depthwise', 'model__learning_rate': 0.1, 'model__max_depth': 14, 'model__min_child_samples': 50, 'model__reg_lambda': 72.8033163629686, 'model__subsample': 0.8}",Depthwise,0.1,14,50,72.8033163629686,0.8
0.864370427774954,0.0037217275578158796,"{'model__grow_policy': 'Depthwise', 'model__learning_rate': 0.1, 'model__max_depth': 13, 'model__min_child_samples': 150, 'model__reg_lambda': 76.62753981619603, 'model__subsample': 0.7}",Depthwise,0.1,13,150,76.62753981619603,0.7
0.8643681760171159,0.0038170657965491276,"{'model__grow_policy': 'Depthwise', 'model__learning_rate': 0.1, 'model__max_depth': 9, 'model__min_child_samples': 150, 'model__reg_lambda': 99.96580992306411, 'model__subsample': 0.6}",Depthwise,0.1,9,150,99.96580992306411,0.6
0.8643309447533977,0.0037710976837869734,"{'model__grow_policy': 'Lossguide', 'model__learning_rate': 0.1, 'model__max_depth': 10, 'model__min_child_samples': 50, 'model__reg_lambda': 14.614865114451248, 'model__subsample': 0.8}",Lossguide,0.1,10,50,14.614865114451248,0.8
0.8643199977943793,0.0037536579389240363,"{'model__grow_policy': 'Depthwise', 'model__learning_rate': 0.1, 'model__max_depth': 13, 'model__min_child_samples': 150, 'model__reg_lambda': 21.04189353223886, 'model__subsample': 1.0}",Depthwise,0.1,13,150,21.04189353223886,1.0
0.8643183501572809,0.003600680508131369,"{'model__grow_policy': 'Depthwise', 'model__learning_rate': 0.1, 'model__max_depth': 15, 'model__min_child_samples': 150, 'model__reg_lambda': 66.7347458052393, 'model__subsample': 1.0}",Depthwise,0.1,15,150,66.7347458052393,1.0
0.8642985025038513,0.0037973293887722573,"{'model__grow_policy': 'Depthwise', 'model__learning_rate': 0.1, 'model__max_depth': 13, 'model__min_child_samples': 150, 'model__reg_lambda': 96.49329767499204, 'model__subsample': 1.0}",Depthwise,0.1,13,150,96.49329767499204,1.0
0.8642948027787496,0.003883973625825254,"{'model__grow_policy': 'Depthwise', 'model__learning_rate': 0.1, 'model__max_depth': 13, 'model__min_child_samples': 150, 'model__reg_lambda': 92.67808820503595, 'model__subsample': 1.0}",Depthwise,0.1,13,150,92.67808820503595,1.0
0.8642528552093355,0.0036761151325361502,"{'model__grow_policy': 'Lossguide', 'model__learning_rate': 0.1, 'model__max_depth': 12, 'model__min_child_samples': 150, 'model__reg_lambda': 33.303924666334375, 'model__subsample': 1.0}",Lossguide,0.1,12,150,33.303924666334375,1.0
0.8642527192239043,0.003830815278115079,"{'model__grow_policy': 'Depthwise', 'model__learning_rate': 0.05, 'model__max_depth': 11, 'model__min_child_samples': 150, 'model__reg_lambda': 50.261896927421176, 'model__subsample': 0.6}",Depthwise,0.05,11,150,50.261896927421176,0.6
0.8642464895067764,0.0035440855902859293,"{'model__grow_policy': 'Depthwise', 'model__learning_rate': 0.1, 'model__max_depth': 15, 'model__min_child_samples': 150, 'model__reg_lambda': 54.0191753075768, 'model__subsample': 0.9}",Depthwise,0.1,15,150,54.0191753075768,0.9
0.8642460338613407,0.0037972292513340383,"{'model__grow_policy': 'Depthwise', 'model__learning_rate': 0.3, 'model__max_depth': 11, 'model__min_child_samples': 75, 'model__reg_lambda': 51.70175339291551, 'model__subsample': 1.0}",Depthwise,0.3,11,75,51.70175339291551,1.0
0.8642447250430647,0.0036460787923475097,"{'model__grow_policy': 'Depthwise', 'model__learning_rate': 0.1, 'model__max_depth': 13, 'model__min_child_samples': 150, 'model__reg_lambda': 85.58426387804238, 'model__subsample': 1.0}",Depthwise,0.1,13,150,85.58426387804238,1.0
0.8642267196145301,0.004352291716338987,"{'model__grow_policy': 'Lossguide', 'model__learning_rate': 0.2, 'model__max_depth': 16, 'model__min_child_samples': 150, 'model__reg_lambda': 56.75897850391438, 'model__subsample': 0.7}",Lossguide,0.2,16,150,56.75897850391438,0.7
0.8642238531449898,0.003935819171107534,"{'model__grow_policy': 'Depthwise', 'model__learning_rate': 0.1, 'model__max_depth': 16, 'model__min_child_samples': 75, 'model__reg_lambda': 92.98291777197932, 'model__subsample': 0.8}",Depthwise,0.1,16,75,92.98291777197932,0.8
0.8642169929945231,0.0036399133021533733,"{'model__grow_policy': 'Lossguide', 'model__learning_rate': 0.2, 'model__max_depth': 12, 'model__min_child_samples': 50, 'model__reg_lambda': 93.89302892863162, 'model__subsample': 0.7}",Lossguide,0.2,12,50,93.89302892863162,0.7
0.864170695525339,0.003771785330332922,"{'model__grow_policy': 'Lossguide', 'model__learning_rate': 0.1, 'model__max_depth': 11, 'model__min_child_samples': 150, 'model__reg_lambda': 30.36116628369392, 'model__subsample': 1.0}",Lossguide,0.1,11,150,30.36116628369392,1.0
0.8641572055559065,0.003595598251197371,"{'model__grow_policy': 'Depthwise', 'model__learning_rate': 0.1, 'model__max_depth': 11, 'model__min_child_samples': 50, 'model__reg_lambda': 90.26603181106874, 'model__subsample': 0.6}",Depthwise,0.1,11,50,90.26603181106874,0.6
0.8641499162540572,0.003949808528800482,"{'model__grow_policy': 'Depthwise', 'model__learning_rate': 0.05, 'model__max_depth': 11, 'model__min_child_samples': 150, 'model__reg_lambda': 37.70972961052786, 'model__subsample': 1.0}",Depthwise,0.05,11,150,37.70972961052786,1.0
0.8641451029834852,0.003439608830425624,"{'model__grow_policy': 'Lossguide', 'model__learning_rate': 0.2, 'model__max_depth': 10, 'model__min_child_samples': 150, 'model__reg_lambda': 65.55112218659806, 'model__subsample': 0.9}",Lossguide,0.2,10,150,65.55112218659806,0.9
0.8641172759651272,0.003768462315274653,"{'model__grow_policy': 'Depthwise', 'model__learning_rate': 0.1, 'model__max_depth': 7, 'model__min_child_samples': 75, 'model__reg_lambda': 53.09518665151542, 'model__subsample': 0.7}",Depthwise,0.1,7,75,53.09518665151542,0.7
0.8641054603772812,0.003618988219370777,"{'model__grow_policy': 'Depthwise', 'model__learning_rate': 0.1, 'model__max_depth': 6, 'model__min_child_samples': 150, 'model__reg_lambda': 75.59191882795655, 'model__subsample': 1.0}",Depthwise,0.1,6,150,75.59191882795655,1.0
0.8640760046717378,0.003653430881190188,"{'model__grow_policy': 'Depthwise', 'model__learning_rate': 0.1, 'model__max_depth': 15, 'model__min_child_samples': 25, 'model__reg_lambda': 79.23864971270348, 'model__subsample': 0.7}",Depthwise,0.1,15,25,79.23864971270348,0.7
0.8640752869781275,0.003757198604370391,"{'model__grow_policy': 'Depthwise', 'model__learning_rate': 0.1, 'model__max_depth': 8, 'model__min_child_samples': 150, 'model__reg_lambda': 74.41552489002571, 'model__subsample': 0.7}",Depthwise,0.1,8,150,74.41552489002571,0.7
0.8640722651582934,0.0035212567897231904,"{'model__grow_policy': 'Depthwise', 'model__learning_rate': 0.1, 'model__max_depth': 16, 'model__min_child_samples': 150, 'model__reg_lambda': 85.7023372456906, 'model__subsample': 0.8}",Depthwise,0.1,16,150,85.7023372456906,0.8
0.8640189999405281,0.0034711553963357312,"{'model__grow_policy': 'Depthwise', 'model__learning_rate': 0.2, 'model__max_depth': 5, 'model__min_child_samples': 25, 'model__reg_lambda': 88.42222906460213, 'model__subsample': 1.0}",Depthwise,0.2,5,25,88.42222906460213,1.0
0.8640140950089812,0.003678130376621942,"{'model__grow_policy': 'Depthwise', 'model__learning_rate': 0.1, 'model__max_depth': 7, 'model__min_child_samples': 25, 'model__reg_lambda': 42.637762130107916, 'model__subsample': 0.7}",Depthwise,0.1,7,25,42.637762130107916,0.7
0.8640105238925171,0.003610990725898123,"{'model__grow_policy': 'Depthwise', 'model__learning_rate': 0.2, 'model__max_depth': 12, 'model__min_child_samples': 75, 'model__reg_lambda': 71.02551775825773, 'model__subsample': 0.7}",Depthwise,0.2,12,75,71.02551775825773,0.7
0.8639904452590459,0.003772058520477174,"{'model__grow_policy': 'Depthwise', 'model__learning_rate': 0.05, 'model__max_depth': 11, 'model__min_child_samples': 150, 'model__reg_lambda': 49.18716525716272, 'model__subsample': 0.7}",Depthwise,0.05,11,150,49.18716525716272,0.7
0.8639896127353287,0.003785879801579524,"{'model__grow_policy': 'Lossguide', 'model__learning_rate': 0.1, 'model__max_depth': 6, 'model__min_child_samples': 50, 'model__reg_lambda': 55.56251003340894, 'model__subsample': 0.8}",Lossguide,0.1,6,50,55.56251003340894,0.8
0.8639787213225327,0.003838507272861538,"{'model__grow_policy': 'Lossguide', 'model__learning_rate': 0.1, 'model__max_depth': 12, 'model__min_child_samples': 10, 'model__reg_lambda': 43.68574571103054, 'model__subsample': 0.8}",Lossguide,0.1,12,10,43.68574571103054,0.8
0.8639717012921283,0.003398137345868114,"{'model__grow_policy': 'Lossguide', 'model__learning_rate': 0.1, 'model__max_depth': 10, 'model__min_child_samples': 75, 'model__reg_lambda': 60.346260768405706, 'model__subsample': 0.8}",Lossguide,0.1,10,75,60.346260768405706,0.8
0.8639690330819325,0.00395879823834824,"{'model__grow_policy': 'Depthwise', 'model__learning_rate': 0.1, 'model__max_depth': 16, 'model__min_child_samples': 25, 'model__reg_lambda': 92.00563257857243, 'model__subsample': 0.7}",Depthwise,0.1,16,25,92.00563257857243,0.7
0.8639678861532897,0.003352913395506927,"{'model__grow_policy': 'Depthwise', 'model__learning_rate': 0.1, 'model__max_depth': 16, 'model__min_child_samples': 50, 'model__reg_lambda': 89.51649243970658, 'model__subsample': 0.7}",Depthwise,0.1,16,50,89.51649243970658,0.7
0.8639255244400721,0.0038758409578569996,"{'model__grow_policy': 'Depthwise', 'model__learning_rate': 0.05, 'model__max_depth': 7, 'model__min_child_samples': 150, 'model__reg_lambda': 23.249180264773877, 'model__subsample': 0.7}",Depthwise,0.05,7,150,23.249180264773877,0.7
0.8639245696959452,0.003540250540941352,"{'model__grow_policy': 'Depthwise', 'model__learning_rate': 0.1, 'model__max_depth': 7, 'model__min_child_samples': 150, 'model__reg_lambda': 93.34079223795302, 'model__subsample': 0.7}",Depthwise,0.1,7,150,93.34079223795302,0.7
0.8639172777741255,0.0034506830356945376,"{'model__grow_policy': 'Depthwise', 'model__learning_rate': 0.2, 'model__max_depth': 14, 'model__min_child_samples': 75, 'model__reg_lambda': 69.54314843440591, 'model__subsample': 0.7}",Depthwise,0.2,14,75,69.54314843440591,0.7
0.8639002658385637,0.003684413554102478,"{'model__grow_policy': 'Depthwise', 'model__learning_rate': 0.1, 'model__max_depth': 16, 'model__min_child_samples': 50, 'model__reg_lambda': 18.075804994900317, 'model__subsample': 0.8}",Depthwise,0.1,16,50,18.075804994900317,0.8
0.8638960825594466,0.0035135318934612315,"{'model__grow_policy': 'Depthwise', 'model__learning_rate': 0.2, 'model__max_depth': 7, 'model__min_child_samples': 10, 'model__reg_lambda': 47.835770506057024, 'model__subsample': 0.7}",Depthwise,0.2,7,10,47.835770506057024,0.7
0.8638953677373351,0.0037414823438646798,"{'model__grow_policy': 'Lossguide', 'model__learning_rate': 0.1, 'model__max_depth': 16, 'model__min_child_samples': 75, 'model__reg_lambda': 72.18820007123638, 'model__subsample': 0.8}",Lossguide,0.1,16,75,72.18820007123638,0.8
0.8638893413965739,0.003869777828160301,"{'model__grow_policy': 'SymmetricTree', 'model__learning_rate': 0.1, 'model__max_depth': 9, 'model__min_child_samples': 10, 'model__reg_lambda': 81.59682328595184, 'model__subsample': 0.7}",SymmetricTree,0.1,9,10,81.59682328595184,0.7
0.8638846356331061,0.004027836321330861,"{'model__grow_policy': 'Depthwise', 'model__learning_rate': 0.1, 'model__max_depth': 7, 'model__min_child_samples': 25, 'model__reg_lambda': 76.99546544218964, 'model__subsample': 0.9}",Depthwise,0.1,7,25,76.99546544218964,0.9
0.8638743941119531,0.003896337810658513,"{'model__grow_policy': 'Lossguide', 'model__learning_rate': 0.1, 'model__max_depth': 5, 'model__min_child_samples': 75, 'model__reg_lambda': 61.60218062484381, 'model__subsample': 0.8}",Lossguide,0.1,5,75,61.60218062484381,0.8
0.863863078807511,0.003767237943394391,"{'model__grow_policy': 'Depthwise', 'model__learning_rate': 0.1, 'model__max_depth': 16, 'model__min_child_samples': 50, 'model__reg_lambda': 23.33329022062215, 'model__subsample': 0.8}",Depthwise,0.1,16,50,23.33329022062215,0.8
0.863856881274938,0.0036163961559472903,"{'model__grow_policy': 'Depthwise', 'model__learning_rate': 0.2, 'model__max_depth': 6, 'model__min_child_samples': 10, 'model__reg_lambda': 61.54664260015577, 'model__subsample': 0.7}",Depthwise,0.2,6,10,61.54664260015577,0.7
0.8638423131963522,0.0040392363103476416,"{'model__grow_policy': 'Depthwise', 'model__learning_rate': 0.05, 'model__max_depth': 14, 'model__min_child_samples': 150, 'model__reg_lambda': 65.486360930731, 'model__subsample': 0.6}",Depthwise,0.05,14,150,65.486360930731,0.6
0.8638378950604961,0.003875680644808565,"{'model__grow_policy': 'Depthwise', 'model__learning_rate': 0.1, 'model__max_depth': 6, 'model__min_child_samples': 150, 'model__reg_lambda': 86.65633931430254, 'model__subsample': 1.0}",Depthwise,0.1,6,150,86.65633931430254,1.0
0.863820926105976,0.003984632059410094,"{'model__grow_policy': 'Depthwise', 'model__learning_rate': 0.05, 'model__max_depth': 12, 'model__min_child_samples': 150, 'model__reg_lambda': 81.20186144093789, 'model__subsample': 0.7}",Depthwise,0.05,12,150,81.20186144093789,0.7
0.8637904030159081,0.003868341745725551,"{'model__grow_policy': 'Lossguide', 'model__learning_rate': 0.1, 'model__max_depth': 16, 'model__min_child_samples': 25, 'model__reg_lambda': 94.48964215001601, 'model__subsample': 0.7}",Lossguide,0.1,16,25,94.48964215001601,0.7
0.8637902934292911,0.003483016915197959,"{'model__grow_policy': 'Depthwise', 'model__learning_rate': 0.3, 'model__max_depth': 13, 'model__min_child_samples': 150, 'model__reg_lambda': 32.64043660451574, 'model__subsample': 1.0}",Depthwise,0.3,13,150,32.64043660451574,1.0
0.8637876830960302,0.0035737986996324175,"{'model__grow_policy': 'Depthwise', 'model__learning_rate': 0.3, 'model__max_depth': 13, 'model__min_child_samples': 150, 'model__reg_lambda': 98.19694694468623, 'model__subsample': 1.0}",Depthwise,0.3,13,150,98.19694694468623,1.0
0.863777503297974,0.0038708376596978287,"{'model__grow_policy': 'Lossguide', 'model__learning_rate': 0.2, 'model__max_depth': 11, 'model__min_child_samples': 75, 'model__reg_lambda': 9.114924491688058, 'model__subsample': 0.8}",Lossguide,0.2,11,75,9.114924491688058,0.8
0.8637743887506124,0.0037916125628315077,"{'model__grow_policy': 'SymmetricTree', 'model__learning_rate': 0.1, 'model__max_depth': 7, 'model__min_child_samples': 150, 'model__reg_lambda': 58.17325561149993, 'model__subsample': 0.7}",SymmetricTree,0.1,7,150,58.17325561149993,0.7
0.8637564962536277,0.0036387728355529664,"{'model__grow_policy': 'Lossguide', 'model__learning_rate': 0.3, 'model__max_depth': 8, 'model__min_child_samples': 50, 'model__reg_lambda': 9.921239198380405, 'model__subsample': 0.6}",Lossguide,0.3,8,50,9.921239198380405,0.6
0.8637521903413182,0.003740164696315244,"{'model__grow_policy': 'Depthwise', 'model__learning_rate': 0.2, 'model__max_depth': 15, 'model__min_child_samples': 150, 'model__reg_lambda': 55.58054688263615, 'model__subsample': 0.7}",Depthwise,0.2,15,150,55.58054688263615,0.7
0.8637445863072699,0.0034877575352568447,"{'model__grow_policy': 'Depthwise', 'model__learning_rate': 0.1, 'model__max_depth': 6, 'model__min_child_samples': 50, 'model__reg_lambda': 94.2199200231613, 'model__subsample': 0.7}",Depthwise,0.1,6,50,94.2199200231613,0.7
0.8637445542038386,0.0037221414784451494,"{'model__grow_policy': 'Lossguide', 'model__learning_rate': 0.1, 'model__max_depth': 5, 'model__min_child_samples': 10, 'model__reg_lambda': 68.72590771311106, 'model__subsample': 0.7}",Lossguide,0.1,5,10,68.72590771311106,0.7
0.8637413273716452,0.0036686211383967693,"{'model__grow_policy': 'Depthwise', 'model__learning_rate': 0.1, 'model__max_depth': 5, 'model__min_child_samples': 150, 'model__reg_lambda': 64.27028532458172, 'model__subsample': 0.9}",Depthwise,0.1,5,150,64.27028532458172,0.9
0.8637275745367952,0.0039287077198273766,"{'model__grow_policy': 'Depthwise', 'model__learning_rate': 0.1, 'model__max_depth': 14, 'model__min_child_samples': 75, 'model__reg_lambda': 87.4771824945236, 'model__subsample': 0.9}",Depthwise,0.1,14,75,87.4771824945236,0.9
0.8637228430619167,0.0038066904607008713,"{'model__grow_policy': 'SymmetricTree', 'model__learning_rate': 0.1, 'model__max_depth': 9, 'model__min_child_samples': 150, 'model__reg_lambda': 82.16004689856649, 'model__subsample': 0.6}",SymmetricTree,0.1,9,150,82.16004689856649,0.6
0.8636769587955129,0.003200229651811263,"{'model__grow_policy': 'Depthwise', 'model__learning_rate': 0.1, 'model__max_depth': 7, 'model__min_child_samples': 50, 'model__reg_lambda': 70.21297427650144, 'model__subsample': 0.7}",Depthwise,0.1,7,50,70.21297427650144,0.7
0.8636634194196757,0.0036824481839356675,"{'model__grow_policy': 'SymmetricTree', 'model__learning_rate': 0.3, 'model__max_depth': 11, 'model__min_child_samples': 150, 'model__reg_lambda': 17.782250324042387, 'model__subsample': 1.0}",SymmetricTree,0.3,11,150,17.782250324042387,1.0
0.8636308731976113,0.003584763630536599,"{'model__grow_policy': 'Depthwise', 'model__learning_rate': 0.3, 'model__max_depth': 12, 'model__min_child_samples': 50, 'model__reg_lambda': 70.53834102778377, 'model__subsample': 1.0}",Depthwise,0.3,12,50,70.53834102778377,1.0
0.8636300873435531,0.003943713560077641,"{'model__grow_policy': 'Lossguide', 'model__learning_rate': 0.1, 'model__max_depth': 5, 'model__min_child_samples': 150, 'model__reg_lambda': 42.43231676234279, 'model__subsample': 0.7}",Lossguide,0.1,5,150,42.43231676234279,0.7
0.8636196248631538,0.0037687336814639463,"{'model__grow_policy': 'SymmetricTree', 'model__learning_rate': 0.1, 'model__max_depth': 13, 'model__min_child_samples': 10, 'model__reg_lambda': 65.33864068381749, 'model__subsample': 0.6}",SymmetricTree,0.1,13,10,65.33864068381749,0.6
0.8635819048084228,0.003854168913550839,"{'model__grow_policy': 'Lossguide', 'model__learning_rate': 0.1, 'model__max_depth': 11, 'model__min_child_samples': 25, 'model__reg_lambda': 73.53675088666675, 'model__subsample': 0.8}",Lossguide,0.1,11,25,73.53675088666675,0.8
0.8635695084478254,0.0036681688182972076,"{'model__grow_policy': 'Depthwise', 'model__learning_rate': 0.3, 'model__max_depth': 11, 'model__min_child_samples': 150, 'model__reg_lambda': 74.39225357089683, 'model__subsample': 0.9}",Depthwise,0.3,11,150,74.39225357089683,0.9
0.8635630631158548,0.0035946247686523196,"{'model__grow_policy': 'SymmetricTree', 'model__learning_rate': 0.2, 'model__max_depth': 7, 'model__min_child_samples': 150, 'model__reg_lambda': 62.68891014252509, 'model__subsample': 0.6}",SymmetricTree,0.2,7,150,62.68891014252509,0.6
0.8635573028218939,0.0034892212389516994,"{'model__grow_policy': 'Depthwise', 'model__learning_rate': 0.2, 'model__max_depth': 15, 'model__min_child_samples': 75, 'model__reg_lambda': 83.25999318487597, 'model__subsample': 0.7}",Depthwise,0.2,15,75,83.25999318487597,0.7
0.863550172502736,0.0033764771253842396,"{'model__grow_policy': 'Depthwise', 'model__learning_rate': 0.3, 'model__max_depth': 9, 'model__min_child_samples': 10, 'model__reg_lambda': 39.50322879869323, 'model__subsample': 0.7}",Depthwise,0.3,9,10,39.50322879869323,0.7
0.8635202670892344,0.003525808278555231,"{'model__grow_policy': 'Depthwise', 'model__learning_rate': 0.2, 'model__max_depth': 16, 'model__min_child_samples': 150, 'model__reg_lambda': 62.27743727088031, 'model__subsample': 0.7}",Depthwise,0.2,16,150,62.27743727088031,0.7
0.8635155517847103,0.0038623969264990937,"{'model__grow_policy': 'SymmetricTree', 'model__learning_rate': 0.3, 'model__max_depth': 9, 'model__min_child_samples': 150, 'model__reg_lambda': 31.49009514800194, 'model__subsample': 0.6}",SymmetricTree,0.3,9,150,31.49009514800194,0.6
0.8635090651928863,0.0034051841098370885,"{'model__grow_policy': 'Depthwise', 'model__learning_rate': 0.2, 'model__max_depth': 6, 'model__min_child_samples': 150, 'model__reg_lambda': 86.92151814314535, 'model__subsample': 0.7}",Depthwise,0.2,6,150,86.92151814314535,0.7
0.8634915866438109,0.0038828218216763,"{'model__grow_policy': 'Depthwise', 'model__learning_rate': 0.3, 'model__max_depth': 12, 'model__min_child_samples': 10, 'model__reg_lambda': 62.899948268689656, 'model__subsample': 0.8}",Depthwise,0.3,12,10,62.899948268689656,0.8
0.863484255882668,0.003916352233726773,"{'model__grow_policy': 'SymmetricTree', 'model__learning_rate': 0.1, 'model__max_depth': 12, 'model__min_child_samples': 150, 'model__reg_lambda': 66.3669791111549, 'model__subsample': 0.8}",SymmetricTree,0.1,12,150,66.3669791111549,0.8
0.863483816889602,0.0038366552968219793,"{'model__grow_policy': 'Lossguide', 'model__learning_rate': 0.1, 'model__max_depth': 5, 'model__min_child_samples': 150, 'model__reg_lambda': 37.093527485812714, 'model__subsample': 0.9}",Lossguide,0.1,5,150,37.093527485812714,0.9
0.8634802598924363,0.0037475816947173785,"{'model__grow_policy': 'SymmetricTree', 'model__learning_rate': 0.2, 'model__max_depth': 6, 'model__min_child_samples': 50, 'model__reg_lambda': 49.77197866116154, 'model__subsample': 0.7}",SymmetricTree,0.2,6,50,49.77197866116154,0.7
0.8634677713813208,0.003906120774031727,"{'model__grow_policy': 'Lossguide', 'model__learning_rate': 0.1, 'model__max_depth': 14, 'model__min_child_samples': 10, 'model__reg_lambda': 77.77577237303474, 'model__subsample': 0.7}",Lossguide,0.1,14,10,77.77577237303474,0.7
0.8634552698496171,0.004042783555014201,"{'model__grow_policy': 'Depthwise', 'model__learning_rate': 0.05, 'model__max_depth': 14, 'model__min_child_samples': 150, 'model__reg_lambda': 80.39430556039238, 'model__subsample': 0.9}",Depthwise,0.05,14,150,80.39430556039238,0.9
0.8634086530895985,0.003952079193160275,"{'model__grow_policy': 'SymmetricTree', 'model__learning_rate': 0.1, 'model__max_depth': 7, 'model__min_child_samples': 10, 'model__reg_lambda': 81.40712231047033, 'model__subsample': 1.0}",SymmetricTree,0.1,7,10,81.40712231047033,1.0
0.8633540861270413,0.003866183559519732,"{'model__grow_policy': 'SymmetricTree', 'model__learning_rate': 0.1, 'model__max_depth': 12, 'model__min_child_samples': 25, 'model__reg_lambda': 97.0041892586521, 'model__subsample': 1.0}",SymmetricTree,0.1,12,25,97.0041892586521,1.0
0.8632845113236811,0.003619467445192023,"{'model__grow_policy': 'Depthwise', 'model__learning_rate': 0.05, 'model__max_depth': 8, 'model__min_child_samples': 50, 'model__reg_lambda': 76.02136318175276, 'model__subsample': 1.0}",Depthwise,0.05,8,50,76.02136318175276,1.0
0.863265185616895,0.0036183083945443705,"{'model__grow_policy': 'SymmetricTree', 'model__learning_rate': 0.1, 'model__max_depth': 6, 'model__min_child_samples': 25, 'model__reg_lambda': 36.05357243852823, 'model__subsample': 0.9}",SymmetricTree,0.1,6,25,36.05357243852823,0.9
0.8632548196718062,0.0037225343343568144,"{'model__grow_policy': 'SymmetricTree', 'model__learning_rate': 0.05, 'model__max_depth': 12, 'model__min_child_samples': 150, 'model__reg_lambda': 41.482665787303766, 'model__subsample': 0.7}",SymmetricTree,0.05,12,150,41.482665787303766,0.7
0.8632422932480102,0.004140644588257209,"{'model__grow_policy': 'Depthwise', 'model__learning_rate': 0.05, 'model__max_depth': 15, 'model__min_child_samples': 150, 'model__reg_lambda': 84.05267116059545, 'model__subsample': 0.8}",Depthwise,0.05,15,150,84.05267116059545,0.8
0.8632238891978119,0.0034766003635045917,"{'model__grow_policy': 'Depthwise', 'model__learning_rate': 0.1, 'model__max_depth': 4, 'model__min_child_samples': 150, 'model__reg_lambda': 87.42066343502769, 'model__subsample': 1.0}",Depthwise,0.1,4,150,87.42066343502769,1.0
0.8632151300080114,0.003669849450174586,"{'model__grow_policy': 'Depthwise', 'model__learning_rate': 0.05, 'model__max_depth': 7, 'model__min_child_samples': 10, 'model__reg_lambda': 85.72008798023643, 'model__subsample': 0.8}",Depthwise,0.05,7,10,85.72008798023643,0.8
0.8632024620941406,0.003559229056483159,"{'model__grow_policy': 'Lossguide', 'model__learning_rate': 0.1, 'model__max_depth': 4, 'model__min_child_samples': 75, 'model__reg_lambda': 86.27798335831399, 'model__subsample': 0.8}",Lossguide,0.1,4,75,86.27798335831399,0.8
0.8631953882807879,0.004069385095002856,"{'model__grow_policy': 'Depthwise', 'model__learning_rate': 0.05, 'model__max_depth': 15, 'model__min_child_samples': 150, 'model__reg_lambda': 90.71594986739412, 'model__subsample': 1.0}",Depthwise,0.05,15,150,90.71594986739412,1.0
0.8631754012421868,0.0037202283646487074,"{'model__grow_policy': 'Depthwise', 'model__learning_rate': 0.1, 'model__max_depth': 4, 'model__min_child_samples': 150, 'model__reg_lambda': 79.5220007161046, 'model__subsample': 0.6}",Depthwise,0.1,4,150,79.5220007161046,0.6
0.8631195956968816,0.00356268770224428,"{'model__grow_policy': 'SymmetricTree', 'model__learning_rate': 0.1, 'model__max_depth': 5, 'model__min_child_samples': 150, 'model__reg_lambda': 74.17600410205173, 'model__subsample': 0.9}",SymmetricTree,0.1,5,150,74.17600410205173,0.9
0.8631126786544285,0.003789774511984677,"{'model__grow_policy': 'Lossguide', 'model__learning_rate': 0.05, 'model__max_depth': 7, 'model__min_child_samples': 50, 'model__reg_lambda': 48.5908985912063, 'model__subsample': 0.9}",Lossguide,0.05,7,50,48.5908985912063,0.9
0.863085420411563,0.0036307818488476285,"{'model__grow_policy': 'SymmetricTree', 'model__learning_rate': 0.05, 'model__max_depth': 8, 'model__min_child_samples': 50, 'model__reg_lambda': 54.6563058725618, 'model__subsample': 0.6}",SymmetricTree,0.05,8,50,54.6563058725618,0.6
0.8630547758618349,0.0037427208784945485,"{'model__grow_policy': 'SymmetricTree', 'model__learning_rate': 0.2, 'model__max_depth': 12, 'model__min_child_samples': 150, 'model__reg_lambda': 68.1791132285718, 'model__subsample': 0.7}",SymmetricTree,0.2,12,150,68.1791132285718,0.7
0.8630456703567895,0.003804622319912861,"{'model__grow_policy': 'Depthwise', 'model__learning_rate': 0.05, 'model__max_depth': 5, 'model__min_child_samples': 10, 'model__reg_lambda': 25.73483667762473, 'model__subsample': 1.0}",Depthwise,0.05,5,10,25.73483667762473,1.0
0.8630300529957957,0.003520130244829659,"{'model__grow_policy': 'SymmetricTree', 'model__learning_rate': 0.05, 'model__max_depth': 8, 'model__min_child_samples': 50, 'model__reg_lambda': 61.80134056948251, 'model__subsample': 1.0}",SymmetricTree,0.05,8,50,61.80134056948251,1.0
0.8630288227806698,0.003583431842748194,"{'model__grow_policy': 'SymmetricTree', 'model__learning_rate': 0.3, 'model__max_depth': 9, 'model__min_child_samples': 50, 'model__reg_lambda': 56.72756243870483, 'model__subsample': 0.9}",SymmetricTree,0.3,9,50,56.72756243870483,0.9
0.8630170909746917,0.0040268472646862764,"{'model__grow_policy': 'Depthwise', 'model__learning_rate': 0.3, 'model__max_depth': 4, 'model__min_child_samples': 75, 'model__reg_lambda': 26.968081282111896, 'model__subsample': 0.7}",Depthwise,0.3,4,75,26.968081282111896,0.7
0.8630085723227866,0.0037592339519804912,"{'model__grow_policy': 'Depthwise', 'model__learning_rate': 0.1, 'model__max_depth': 4, 'model__min_child_samples': 150, 'model__reg_lambda': 43.18565204460378, 'model__subsample': 1.0}",Depthwise,0.1,4,150,43.18565204460378,1.0
0.8629607058339778,0.004029027115549261,"{'model__grow_policy': 'Lossguide', 'model__learning_rate': 0.05, 'model__max_depth': 6, 'model__min_child_samples': 75, 'model__reg_lambda': 72.88448709333471, 'model__subsample': 0.9}",Lossguide,0.05,6,75,72.88448709333471,0.9
0.8629279432800179,0.00374516248579544,"{'model__grow_policy': 'Depthwise', 'model__learning_rate': 0.3, 'model__max_depth': 4, 'model__min_child_samples': 150, 'model__reg_lambda': 99.98671547233005, 'model__subsample': 0.7}",Depthwise,0.3,4,150,99.98671547233005,0.7
0.8628014152174718,0.0036979419306927457,"{'model__grow_policy': 'Depthwise', 'model__learning_rate': 0.1, 'model__max_depth': 4, 'model__min_child_samples': 25, 'model__reg_lambda': 64.22171940868972, 'model__subsample': 0.7}",Depthwise,0.1,4,25,64.22171940868972,0.7
0.8627733617506619,0.003909383921718262,"{'model__grow_policy': 'Lossguide', 'model__learning_rate': 0.05, 'model__max_depth': 16, 'model__min_child_samples': 25, 'model__reg_lambda': 29.794355477767816, 'model__subsample': 0.7}",Lossguide,0.05,16,25,29.794355477767816,0.7
0.8627721802313479,0.003932284091580895,"{'model__grow_policy': 'Depthwise', 'model__learning_rate': 0.3, 'model__max_depth': 12, 'model__min_child_samples': 150, 'model__reg_lambda': 45.15676349144121, 'model__subsample': 0.7}",Depthwise,0.3,12,150,45.15676349144121,0.7
0.8627187758215653,0.003677389769691135,"{'model__grow_policy': 'SymmetricTree', 'model__learning_rate': 0.03, 'model__max_depth': 8, 'model__min_child_samples': 25, 'model__reg_lambda': 4.591962680792037, 'model__subsample': 0.7}",SymmetricTree,0.03,8,25,4.591962680792037,0.7
0.8626935811063909,0.00405775741502258,"{'model__grow_policy': 'Depthwise', 'model__learning_rate': 0.03, 'model__max_depth': 11, 'model__min_child_samples': 10, 'model__reg_lambda': 26.550605405414977, 'model__subsample': 1.0}",Depthwise,0.03,11,10,26.550605405414977,1.0
0.8626477856519319,0.00407437387609535,"{'model__grow_policy': 'Depthwise', 'model__learning_rate': 0.03, 'model__max_depth': 15, 'model__min_child_samples': 150, 'model__reg_lambda': 40.59058411492359, 'model__subsample': 0.7}",Depthwise,0.03,15,150,40.59058411492359,0.7
0.8626216553109558,0.004257876846723784,"{'model__grow_policy': 'Depthwise', 'model__learning_rate': 0.03, 'model__max_depth': 12, 'model__min_child_samples': 50, 'model__reg_lambda': 35.46912885134324, 'model__subsample': 0.7}",Depthwise,0.03,12,50,35.46912885134324,0.7
0.8625817770417827,0.0038730840090099353,"{'model__grow_policy': 'Lossguide', 'model__learning_rate': 0.05, 'model__max_depth': 15, 'model__min_child_samples': 25, 'model__reg_lambda': 99.90422025676848, 'model__subsample': 0.9}",Lossguide,0.05,15,25,99.90422025676848,0.9
0.862567887319002,0.003487254818201225,"{'model__grow_policy': 'Depthwise', 'model__learning_rate': 0.3, 'model__max_depth': 15, 'model__min_child_samples': 10, 'model__reg_lambda': 78.7585041501298, 'model__subsample': 0.7}",Depthwise,0.3,15,10,78.7585041501298,0.7
0.8625527716044099,0.0036368318872053353,"{'model__grow_policy': 'Lossguide', 'model__learning_rate': 0.3, 'model__max_depth': 3, 'model__min_child_samples': 75, 'model__reg_lambda': 52.26520499792717, 'model__subsample': 0.7}",Lossguide,0.3,3,75,52.26520499792717,0.7
0.8625359564480636,0.0037794525051688915,"{'model__grow_policy': 'SymmetricTree', 'model__learning_rate': 0.1, 'model__max_depth': 15, 'model__min_child_samples': 150, 'model__reg_lambda': 99.02104689688504, 'model__subsample': 0.7}",SymmetricTree,0.1,15,150,99.02104689688504,0.7
0.8623421834220091,0.0035641880247946566,"{'model__grow_policy': 'Lossguide', 'model__learning_rate': 0.1, 'model__max_depth': 3, 'model__min_child_samples': 150, 'model__reg_lambda': 74.63815670427736, 'model__subsample': 0.6}",Lossguide,0.1,3,150,74.63815670427736,0.6
0.8622308905563761,0.003501033892663233,"{'model__grow_policy': 'SymmetricTree', 'model__learning_rate': 0.1, 'model__max_depth': 4, 'model__min_child_samples': 150, 'model__reg_lambda': 77.07376607642196, 'model__subsample': 0.7}",SymmetricTree,0.1,4,150,77.07376607642196,0.7
0.8621344649368577,0.003937653017748404,"{'model__grow_policy': 'Depthwise', 'model__learning_rate': 0.03, 'model__max_depth': 8, 'model__min_child_samples': 50, 'model__reg_lambda': 39.043408569272565, 'model__subsample': 0.7}",Depthwise,0.03,8,50,39.043408569272565,0.7
0.862123682220169,0.0035085602331218968,"{'model__grow_policy': 'SymmetricTree', 'model__learning_rate': 0.1, 'model__max_depth': 4, 'model__min_child_samples': 150, 'model__reg_lambda': 94.26216007747182, 'model__subsample': 0.7}",SymmetricTree,0.1,4,150,94.26216007747182,0.7
0.862083371821375,0.004061468161768692,"{'model__grow_policy': 'Depthwise', 'model__learning_rate': 0.03, 'model__max_depth': 10, 'model__min_child_samples': 150, 'model__reg_lambda': 44.47783107937918, 'model__subsample': 0.8}",Depthwise,0.03,10,150,44.47783107937918,0.8
0.8620643223690527,0.0037117918888691648,"{'model__grow_policy': 'Depthwise', 'model__learning_rate': 0.03, 'model__max_depth': 8, 'model__min_child_samples': 25, 'model__reg_lambda': 48.04260116075072, 'model__subsample': 0.6}",Depthwise,0.03,8,25,48.04260116075072,0.6
0.8620487603757386,0.003824558495642872,"{'model__grow_policy': 'Depthwise', 'model__learning_rate': 0.3, 'model__max_depth': 3, 'model__min_child_samples': 150, 'model__reg_lambda': 62.44358318747338, 'model__subsample': 0.8}",Depthwise,0.3,3,150,62.44358318747338,0.8
0.8620166740592554,0.0037516371825471397,"{'model__grow_policy': 'Depthwise', 'model__learning_rate': 0.1, 'model__max_depth': 10, 'model__min_child_samples': 150, 'model__reg_lambda': 0.41159846401135525, 'model__subsample': 1.0}",Depthwise,0.1,10,150,0.41159846401135525,1.0
0.8619758471727336,0.0037233899837940425,"{'model__grow_policy': 'Depthwise', 'model__learning_rate': 0.1, 'model__max_depth': 3, 'model__min_child_samples': 50, 'model__reg_lambda': 65.36622293401676, 'model__subsample': 0.7}",Depthwise,0.1,3,50,65.36622293401676,0.7
0.861835246287237,0.003579168341935093,"{'model__grow_policy': 'Depthwise', 'model__learning_rate': 0.1, 'model__max_depth': 3, 'model__min_child_samples': 75, 'model__reg_lambda': 92.10992399955265, 'model__subsample': 1.0}",Depthwise,0.1,3,75,92.10992399955265,1.0
0.8618152013636424,0.004315557487353186,"{'model__grow_policy': 'Depthwise', 'model__learning_rate': 0.03, 'model__max_depth': 12, 'model__min_child_samples': 150, 'model__reg_lambda': 68.22816825343644, 'model__subsample': 0.6}",Depthwise,0.03,12,150,68.22816825343644,0.6
0.8614744253164833,0.0033534886719088558,"{'model__grow_policy': 'Depthwise', 'model__learning_rate': 0.1, 'model__max_depth': 10, 'model__min_child_samples': 75, 'model__reg_lambda': 0.4828441756513513, 'model__subsample': 0.8}",Depthwise,0.1,10,75,0.4828441756513513,0.8
0.8613442521084924,0.0039209313746380176,"{'model__grow_policy': 'Depthwise', 'model__learning_rate': 0.03, 'model__max_depth': 12, 'model__min_child_samples': 150, 'model__reg_lambda': 89.19113562890485, 'model__subsample': 0.7}",Depthwise,0.03,12,150,89.19113562890485,0.7
0.8613111099245234,0.003779756612333454,"{'model__grow_policy': 'Depthwise', 'model__learning_rate': 0.03, 'model__max_depth': 8, 'model__min_child_samples': 150, 'model__reg_lambda': 84.22600342423165, 'model__subsample': 1.0}",Depthwise,0.03,8,150,84.22600342423165,1.0
0.8612058275295981,0.003970126527525039,"{'model__grow_policy': 'Depthwise', 'model__learning_rate': 0.03, 'model__max_depth': 15, 'model__min_child_samples': 150, 'model__reg_lambda': 82.05074734572418, 'model__subsample': 0.7}",Depthwise,0.03,15,150,82.05074734572418,0.7
0.8611633263760201,0.0031635692175419785,"{'model__grow_policy': 'SymmetricTree', 'model__learning_rate': 0.2, 'model__max_depth': 15, 'model__min_child_samples': 75, 'model__reg_lambda': 46.1300957172967, 'model__subsample': 1.0}",SymmetricTree,0.2,15,75,46.1300957172967,1.0
0.8610945385394377,0.00439716911768523,"{'model__grow_policy': 'Depthwise', 'model__learning_rate': 0.03, 'model__max_depth': 15, 'model__min_child_samples': 150, 'model__reg_lambda': 84.92571230135385, 'model__subsample': 0.7}",Depthwise,0.03,15,150,84.92571230135385,0.7
0.8610500437766035,0.004431176793965756,"{'model__grow_policy': 'Depthwise', 'model__learning_rate': 0.03, 'model__max_depth': 12, 'model__min_child_samples': 150, 'model__reg_lambda': 95.71778926617264, 'model__subsample': 0.8}",Depthwise,0.03,12,150,95.71778926617264,0.8
0.8609841702472247,0.004091978237980843,"{'model__grow_policy': 'Depthwise', 'model__learning_rate': 0.03, 'model__max_depth': 6, 'model__min_child_samples': 50, 'model__reg_lambda': 92.65366322180725, 'model__subsample': 0.6}",Depthwise,0.03,6,50,92.65366322180725,0.6
0.8609804485955618,0.003704730716745029,"{'model__grow_policy': 'Depthwise', 'model__learning_rate': 0.3, 'model__max_depth': 7, 'model__min_child_samples': 10, 'model__reg_lambda': 3.3826409849052053, 'model__subsample': 0.7}",Depthwise,0.3,7,10,3.3826409849052053,0.7
0.8608931495935008,0.003757463269412767,"{'model__grow_policy': 'Depthwise', 'model__learning_rate': 0.03, 'model__max_depth': 6, 'model__min_child_samples': 50, 'model__reg_lambda': 70.28021307836786, 'model__subsample': 0.8}",Depthwise,0.03,6,50,70.28021307836786,0.8
0.8606775816178833,0.003606668074148906,"{'model__grow_policy': 'SymmetricTree', 'model__learning_rate': 0.3, 'model__max_depth': 14, 'model__min_child_samples': 25, 'model__reg_lambda': 49.63500824294812, 'model__subsample': 0.9}",SymmetricTree,0.3,14,25,49.63500824294812,0.9
0.8605827386427048,0.004356072831429364,"{'model__grow_policy': 'Lossguide', 'model__learning_rate': 0.03, 'model__max_depth': 10, 'model__min_child_samples': 75, 'model__reg_lambda': 10.513834855836656, 'model__subsample': 0.6}",Lossguide,0.03,10,75,10.513834855836656,0.6
0.8596044520622088,0.004169859933723176,"{'model__grow_policy': 'Depthwise', 'model__learning_rate': 0.01, 'model__max_depth': 11, 'model__min_child_samples': 150, 'model__reg_lambda': 13.545015360886318, 'model__subsample': 0.7}",Depthwise,0.01,11,150,13.545015360886318,0.7
0.8591105431308577,0.004079942565593815,"{'model__grow_policy': 'Depthwise', 'model__learning_rate': 0.01, 'model__max_depth': 11, 'model__min_child_samples': 25, 'model__reg_lambda': 20.758009621410146, 'model__subsample': 1.0}",Depthwise,0.01,11,25,20.758009621410146,1.0
0.8589346047998966,0.004066280642905316,"{'model__grow_policy': 'Depthwise', 'model__learning_rate': 0.01, 'model__max_depth': 9, 'model__min_child_samples': 50, 'model__reg_lambda': 34.71884408681585, 'model__subsample': 0.8}",Depthwise,0.01,9,50,34.71884408681585,0.8
0.8588502082283546,0.004260571377013675,"{'model__grow_policy': 'Depthwise', 'model__learning_rate': 0.01, 'model__max_depth': 13, 'model__min_child_samples': 10, 'model__reg_lambda': 28.935344586777706, 'model__subsample': 0.7}",Depthwise,0.01,13,10,28.935344586777706,0.7
0.858627813388904,0.0039331997534957485,"{'model__grow_policy': 'Depthwise', 'model__learning_rate': 0.01, 'model__max_depth': 15, 'model__min_child_samples': 25, 'model__reg_lambda': 31.3232142937541, 'model__subsample': 1.0}",Depthwise,0.01,15,25,31.3232142937541,1.0
0.85847822356109,0.003496985967403642,"{'model__grow_policy': 'Depthwise', 'model__learning_rate': 0.01, 'model__max_depth': 7, 'model__min_child_samples': 75, 'model__reg_lambda': 18.933342815492693, 'model__subsample': 0.7}",Depthwise,0.01,7,75,18.933342815492693,0.7
0.8582855730024045,0.004201083594576464,"{'model__grow_policy': 'Depthwise', 'model__learning_rate': 0.005, 'model__max_depth': 7, 'model__min_child_samples': 25, 'model__reg_lambda': 4.344101744024291, 'model__subsample': 1.0}",Depthwise,0.005,7,25,4.344101744024291,1.0
0.8582629553954637,0.003971213019864285,"{'model__grow_policy': 'Depthwise', 'model__learning_rate': 0.03, 'model__max_depth': 3, 'model__min_child_samples': 10, 'model__reg_lambda': 24.623097586717428, 'model__subsample': 0.7}",Depthwise,0.03,3,10,24.623097586717428,0.7
0.8580036783922045,0.0038375516121751437,"{'model__grow_policy': 'Lossguide', 'model__learning_rate': 0.03, 'model__max_depth': 3, 'model__min_child_samples': 150, 'model__reg_lambda': 68.5920936735547, 'model__subsample': 1.0}",Lossguide,0.03,3,150,68.5920936735547,1.0
0.8579680142282108,0.003872085939693676,"{'model__grow_policy': 'Depthwise', 'model__learning_rate': 0.01, 'model__max_depth': 8, 'model__min_child_samples': 25, 'model__reg_lambda': 58.259616143478354, 'model__subsample': 0.7}",Depthwise,0.01,8,25,58.259616143478354,0.7
0.8579584303553396,0.0034322021626845027,"{'model__grow_policy': 'SymmetricTree', 'model__learning_rate': 0.01, 'model__max_depth': 13, 'model__min_child_samples': 10, 'model__reg_lambda': 39.181599934365906, 'model__subsample': 1.0}",SymmetricTree,0.01,13,10,39.181599934365906,1.0
0.8578480272132536,0.004102414503677038,"{'model__grow_policy': 'Depthwise', 'model__learning_rate': 0.03, 'model__max_depth': 3, 'model__min_child_samples': 150, 'model__reg_lambda': 52.183861935241666, 'model__subsample': 0.9}",Depthwise,0.03,3,150,52.183861935241666,0.9
0.8576743298667123,0.003845328256317227,"{'model__grow_policy': 'Depthwise', 'model__learning_rate': 0.01, 'model__max_depth': 9, 'model__min_child_samples': 50, 'model__reg_lambda': 71.97399760273711, 'model__subsample': 0.7}",Depthwise,0.01,9,50,71.97399760273711,0.7
0.8576277647975878,0.003647662700398201,"{'model__grow_policy': 'SymmetricTree', 'model__learning_rate': 0.01, 'model__max_depth': 11, 'model__min_child_samples': 75, 'model__reg_lambda': 60.459198388201635, 'model__subsample': 0.7}",SymmetricTree,0.01,11,75,60.459198388201635,0.7
0.8574980232047391,0.0038112001331037622,"{'model__grow_policy': 'Depthwise', 'model__learning_rate': 0.005, 'model__max_depth': 9, 'model__min_child_samples': 25, 'model__reg_lambda': 46.14419082224724, 'model__subsample': 0.7}",Depthwise,0.005,9,25,46.14419082224724,0.7
0.8571761329623255,0.0039483079790336075,"{'model__grow_policy': 'Depthwise', 'model__learning_rate': 0.01, 'model__max_depth': 12, 'model__min_child_samples': 150, 'model__reg_lambda': 54.18897279907118, 'model__subsample': 0.8}",Depthwise,0.01,12,150,54.18897279907118,0.8
0.8569638415917238,0.003857690095874445,"{'model__grow_policy': 'SymmetricTree', 'model__learning_rate': 0.01, 'model__max_depth': 16, 'model__min_child_samples': 10, 'model__reg_lambda': 59.649425034334115, 'model__subsample': 0.9}",SymmetricTree,0.01,16,10,59.649425034334115,0.9
0.8567907200706071,0.00398919848510543,"{'model__grow_policy': 'Depthwise', 'model__learning_rate': 0.005, 'model__max_depth': 13, 'model__min_child_samples': 50, 'model__reg_lambda': 35.01694591674049, 'model__subsample': 1.0}",Depthwise,0.005,13,50,35.01694591674049,1.0
0.8567724473783429,0.003785190528594125,"{'model__grow_policy': 'Depthwise', 'model__learning_rate': 0.005, 'model__max_depth': 7, 'model__min_child_samples': 150, 'model__reg_lambda': 47.767351730112864, 'model__subsample': 0.6}",Depthwise,0.005,7,150,47.767351730112864,0.6
0.8566885776925031,0.0039684710654572745,"{'model__grow_policy': 'Depthwise', 'model__learning_rate': 0.005, 'model__max_depth': 8, 'model__min_child_samples': 150, 'model__reg_lambda': 59.19538659906376, 'model__subsample': 0.8}",Depthwise,0.005,8,150,59.19538659906376,0.8
0.8565847350963157,0.0035932909119457384,"{'model__grow_policy': 'Depthwise', 'model__learning_rate': 0.005, 'model__max_depth': 5, 'model__min_child_samples': 150, 'model__reg_lambda': 46.51601040366058, 'model__subsample': 0.7}",Depthwise,0.005,5,150,46.51601040366058,0.7
0.8565462118617674,0.0038600564076763,"{'model__grow_policy': 'Depthwise', 'model__learning_rate': 0.005, 'model__max_depth': 7, 'model__min_child_samples': 75, 'model__reg_lambda': 57.4089174986657, 'model__subsample': 0.7}",Depthwise,0.005,7,75,57.4089174986657,0.7
0.8564105547274277,0.0038139623387076537,"{'model__grow_policy': 'Depthwise', 'model__learning_rate': 0.005, 'model__max_depth': 9, 'model__min_child_samples': 150, 'model__reg_lambda': 60.47907959353276, 'model__subsample': 0.6}",Depthwise,0.005,9,150,60.47907959353276,0.6
0.8563020078277226,0.002915924727621493,"{'model__grow_policy': 'SymmetricTree', 'model__learning_rate': 0.01, 'model__max_depth': 5, 'model__min_child_samples': 10, 'model__reg_lambda': 75.81893204942637, 'model__subsample': 0.6}",SymmetricTree,0.01,5,10,75.81893204942637,0.6
0.8562954350197801,0.003467897037889139,"{'model__grow_policy': 'Depthwise', 'model__learning_rate': 0.01, 'model__max_depth': 13, 'model__min_child_samples': 150, 'model__reg_lambda': 96.2953168400604, 'model__subsample': 1.0}",Depthwise,0.01,13,150,96.2953168400604,1.0
0.8562643178457512,0.0033708717348475987,"{'model__grow_policy': 'Depthwise', 'model__learning_rate': 0.01, 'model__max_depth': 4, 'model__min_child_samples': 150, 'model__reg_lambda': 88.32859757925165, 'model__subsample': 0.7}",Depthwise,0.01,4,150,88.32859757925165,0.7
0.8561450051208517,0.0038943206392786345,"{'model__grow_policy': 'Depthwise', 'model__learning_rate': 0.005, 'model__max_depth': 10, 'model__min_child_samples': 50, 'model__reg_lambda': 67.57899550726103, 'model__subsample': 0.6}",Depthwise,0.005,10,50,67.57899550726103,0.6
0.8558430640340056,0.004036538957878578,"{'model__grow_policy': 'Depthwise', 'model__learning_rate': 0.005, 'model__max_depth': 7, 'model__min_child_samples': 25, 'model__reg_lambda': 88.34340568932645, 'model__subsample': 1.0}",Depthwise,0.005,7,25,88.34340568932645,1.0
0.8557874600115547,0.0035803426005307708,"{'model__grow_policy': 'Depthwise', 'model__learning_rate': 0.005, 'model__max_depth': 7, 'model__min_child_samples': 75, 'model__reg_lambda': 99.03082265581644, 'model__subsample': 1.0}",Depthwise,0.005,7,75,99.03082265581644,1.0
0.8555894054845672,0.004065425862605275,"{'model__grow_policy': 'Lossguide', 'model__learning_rate': 0.01, 'model__max_depth': 8, 'model__min_child_samples': 150, 'model__reg_lambda': 27.574444840384203, 'model__subsample': 0.8}",Lossguide,0.01,8,150,27.574444840384203,0.8
0.8555623791531188,0.004103630548736403,"{'model__grow_policy': 'Depthwise', 'model__learning_rate': 0.01, 'model__max_depth': 14, 'model__min_child_samples': 150, 'model__reg_lambda': 97.78858269554095, 'model__subsample': 0.8}",Depthwise,0.01,14,150,97.78858269554095,0.8
0.8552839381155062,0.003315000941428149,"{'model__grow_policy': 'Depthwise', 'model__learning_rate': 0.01, 'model__max_depth': 3, 'model__min_child_samples': 150, 'model__reg_lambda': 69.63652433779485, 'model__subsample': 0.6}",Depthwise,0.01,3,150,69.63652433779485,0.6
0.8551427750974497,0.0035308567319080985,"{'model__grow_policy': 'Lossguide', 'model__learning_rate': 0.01, 'model__max_depth': 10, 'model__min_child_samples': 150, 'model__reg_lambda': 67.03316685632463, 'model__subsample': 0.7}",Lossguide,0.01,10,150,67.03316685632463,0.7
0.854990033421565,0.0029945260978350924,"{'model__grow_policy': 'SymmetricTree', 'model__learning_rate': 0.005, 'model__max_depth': 6, 'model__min_child_samples': 150, 'model__reg_lambda': 91.52273149259452, 'model__subsample': 0.7}",SymmetricTree,0.005,6,150,91.52273149259452,0.7
0.8549237657465977,0.0031578705032610783,"{'model__grow_policy': 'Lossguide', 'model__learning_rate': 0.005, 'model__max_depth': 12, 'model__min_child_samples': 150, 'model__reg_lambda': 78.76177778566337, 'model__subsample': 0.7}",Lossguide,0.005,12,150,78.76177778566337,0.7
0.8547387566821996,0.004261813718431224,"{'model__grow_policy': 'Depthwise', 'model__learning_rate': 0.005, 'model__max_depth': 13, 'model__min_child_samples': 10, 'model__reg_lambda': 83.19425109788808, 'model__subsample': 1.0}",Depthwise,0.005,13,10,83.19425109788808,1.0
0.8545218729951654,0.003526784911977953,"{'model__grow_policy': 'Lossguide', 'model__learning_rate': 0.005, 'model__max_depth': 15, 'model__min_child_samples': 150, 'model__reg_lambda': 80.40300401569871, 'model__subsample': 0.7}",Lossguide,0.005,15,150,80.40300401569871,0.7
0.8542677452236618,0.0040496071539274725,"{'model__grow_policy': 'SymmetricTree', 'model__learning_rate': 0.005, 'model__max_depth': 13, 'model__min_child_samples': 75, 'model__reg_lambda': 95.08170011833312, 'model__subsample': 0.6}",SymmetricTree,0.005,13,75,95.08170011833312,0.6
0.8541042141653463,0.003176788566897146,"{'model__grow_policy': 'Lossguide', 'model__learning_rate': 0.005, 'model__max_depth': 14, 'model__min_child_samples': 75, 'model__reg_lambda': 99.98547060634128, 'model__subsample': 0.7}",Lossguide,0.005,14,75,99.98547060634128,0.7
0.8536183036435574,0.003976579276759846,"{'model__grow_policy': 'Lossguide', 'model__learning_rate': 0.005, 'model__max_depth': 10, 'model__min_child_samples': 25, 'model__reg_lambda': 16.915849950611687, 'model__subsample': 0.9}",Lossguide,0.005,10,25,16.915849950611687,0.9
