roc_auc,std,params,model__ccp_alpha,model__criterion,model__learning_rate,model__loss,model__max_depth,model__max_features,model__min_samples_leaf,model__n_iter_no_change,model__subsample
0.8640261164650245,0.0037278419496512556,"{'model__ccp_alpha': 0.00012425372073062064, 'model__criterion': 'squared_error', 'model__learning_rate': 0.03, 'model__loss': 'exponential', 'model__max_depth': 7, 'model__max_features': None, 'model__min_samples_leaf': 75, 'model__n_iter_no_change': 50, 'model__subsample': 0.7}",0.00012425372073062064,squared_error,0.03,exponential,7,,75,50,0.7
0.8637636236316741,0.003706736868606436,"{'model__ccp_alpha': 0.0001616297934881029, 'model__criterion': 'squared_error', 'model__learning_rate': 0.03, 'model__loss': 'exponential', 'model__max_depth': 7, 'model__max_features': None, 'model__min_samples_leaf': 75, 'model__n_iter_no_change': 50, 'model__subsample': 0.7}",0.0001616297934881029,squared_error,0.03,exponential,7,,75,50,0.7
0.8634313372350821,0.003505418534549084,"{'model__ccp_alpha': 0.00018980140927212712, 'model__criterion': 'squared_error', 'model__learning_rate': 0.03, 'model__loss': 'exponential', 'model__max_depth': 7, 'model__max_features': None, 'model__min_samples_leaf': 75, 'model__n_iter_no_change': 50, 'model__subsample': 0.7}",0.00018980140927212712,squared_error,0.03,exponential,7,,75,50,0.7
0.8633033034390548,0.003441914128951847,"{'model__ccp_alpha': 2.1160405016474556e-05, 'model__criterion': 'friedman_mse', 'model__learning_rate': 0.03, 'model__loss': 'exponential', 'model__max_depth': 7, 'model__max_features': 'log2', 'model__min_samples_leaf': 25, 'model__n_iter_no_change': 15, 'model__subsample': 0.9}",2.1160405016474556e-05,friedman_mse,0.03,exponential,7,log2,25,15,0.9
0.8633021879425431,0.003749244069484464,"{'model__ccp_alpha': 9.668642209202378e-06, 'model__criterion': 'squared_error', 'model__learning_rate': 0.03, 'model__loss': 'exponential', 'model__max_depth': 7, 'model__max_features': None, 'model__min_samples_leaf': 75, 'model__n_iter_no_change': 25, 'model__subsample': 0.7}",9.668642209202378e-06,squared_error,0.03,exponential,7,,75,25,0.7
0.8632734452054114,0.0036809978357324113,"{'model__ccp_alpha': 4.4209295178239764e-05, 'model__criterion': 'squared_error', 'model__learning_rate': 0.03, 'model__loss': 'exponential', 'model__max_depth': 7, 'model__max_features': None, 'model__min_samples_leaf': 75, 'model__n_iter_no_change': 50, 'model__subsample': 0.7}",4.4209295178239764e-05,squared_error,0.03,exponential,7,,75,50,0.7
0.8632265574165503,0.0036692998401146003,"{'model__ccp_alpha': 6.395194166709315e-05, 'model__criterion': 'friedman_mse', 'model__learning_rate': 0.01, 'model__loss': 'exponential', 'model__max_depth': 10, 'model__max_features': 'sqrt', 'model__min_samples_leaf': 75, 'model__n_iter_no_change': 10, 'model__subsample': 0.8}",6.395194166709315e-05,friedman_mse,0.01,exponential,10,sqrt,75,10,0.8
0.8630752724026094,0.0037213052416100335,"{'model__ccp_alpha': 0.00022119421140066528, 'model__criterion': 'squared_error', 'model__learning_rate': 0.03, 'model__loss': 'exponential', 'model__max_depth': 7, 'model__max_features': None, 'model__min_samples_leaf': 75, 'model__n_iter_no_change': 50, 'model__subsample': 0.7}",0.00022119421140066528,squared_error,0.03,exponential,7,,75,50,0.7
0.8627454036437603,0.0035767191936405098,"{'model__ccp_alpha': 0.00010485403456642669, 'model__criterion': 'friedman_mse', 'model__learning_rate': 0.01, 'model__loss': 'exponential', 'model__max_depth': 10, 'model__max_features': 'sqrt', 'model__min_samples_leaf': 75, 'model__n_iter_no_change': 10, 'model__subsample': 0.8}",0.00010485403456642669,friedman_mse,0.01,exponential,10,sqrt,75,10,0.8
0.8626928523781716,0.00356885813582746,"{'model__ccp_alpha': 0.00011629234353212017, 'model__criterion': 'friedman_mse', 'model__learning_rate': 0.01, 'model__loss': 'exponential', 'model__max_depth': 10, 'model__max_features': 'sqrt', 'model__min_samples_leaf': 75, 'model__n_iter_no_change': 10, 'model__subsample': 0.8}",0.00011629234353212017,friedman_mse,0.01,exponential,10,sqrt,75,10,0.8
0.8626405628928655,0.003641902844093268,"{'model__ccp_alpha': 0.0002233563548350979, 'model__criterion': 'friedman_mse', 'model__learning_rate': 0.03, 'model__loss': 'exponential', 'model__max_depth': 16, 'model__max_features': None, 'model__min_samples_leaf': 150, 'model__n_iter_no_change': 15, 'model__subsample': 0.8}",0.0002233563548350979,friedman_mse,0.03,exponential,16,,150,15,0.8
0.8621161952392354,0.003728915462442731,"{'model__ccp_alpha': 0.00031557134468288575, 'model__criterion': 'squared_error', 'model__learning_rate': 0.03, 'model__loss': 'exponential', 'model__max_depth': 7, 'model__max_features': None, 'model__min_samples_leaf': 75, 'model__n_iter_no_change': 50, 'model__subsample': 0.7}",0.00031557134468288575,squared_error,0.03,exponential,7,,75,50,0.7
0.861913511018189,0.0033801107997234363,"{'model__ccp_alpha': 2.229722144559936e-05, 'model__criterion': 'friedman_mse', 'model__learning_rate': 0.01, 'model__loss': 'exponential', 'model__max_depth': 26, 'model__max_features': 'sqrt', 'model__min_samples_leaf': 75, 'model__n_iter_no_change': 10, 'model__subsample': 0.8}",2.229722144559936e-05,friedman_mse,0.01,exponential,26,sqrt,75,10,0.8
0.8619073053061745,0.003270282191151852,"{'model__ccp_alpha': 0.00023741220272166766, 'model__criterion': 'squared_error', 'model__learning_rate': 0.2, 'model__loss': 'exponential', 'model__max_depth': 13, 'model__max_features': 'sqrt', 'model__min_samples_leaf': 10, 'model__n_iter_no_change': 15, 'model__subsample': 0.9}",0.00023741220272166766,squared_error,0.2,exponential,13,sqrt,10,15,0.9
0.8617122289662026,0.0036956889752149708,"{'model__ccp_alpha': 0.0003673931985173751, 'model__criterion': 'friedman_mse', 'model__learning_rate': 0.03, 'model__loss': 'exponential', 'model__max_depth': 28, 'model__max_features': None, 'model__min_samples_leaf': 50, 'model__n_iter_no_change': 50, 'model__subsample': 0.7}",0.0003673931985173751,friedman_mse,0.03,exponential,28,,50,50,0.7
0.8615373630174673,0.0037657736673860688,"{'model__ccp_alpha': 0.00036235117188460455, 'model__criterion': 'squared_error', 'model__learning_rate': 0.3, 'model__loss': 'exponential', 'model__max_depth': 10, 'model__max_features': None, 'model__min_samples_leaf': 75, 'model__n_iter_no_change': 25, 'model__subsample': 0.7}",0.00036235117188460455,squared_error,0.3,exponential,10,,75,25,0.7
0.8612091225817393,0.0039492709686849,"{'model__ccp_alpha': 0.0003119091910351713, 'model__criterion': 'squared_error', 'model__learning_rate': 0.03, 'model__loss': 'exponential', 'model__max_depth': 8, 'model__max_features': 'sqrt', 'model__min_samples_leaf': 100, 'model__n_iter_no_change': 25, 'model__subsample': 0.8}",0.0003119091910351713,squared_error,0.03,exponential,8,sqrt,100,25,0.8
0.86094804202227,0.0035928916482333923,"{'model__ccp_alpha': 0.00043979439233571185, 'model__criterion': 'squared_error', 'model__learning_rate': 0.03, 'model__loss': 'exponential', 'model__max_depth': 13, 'model__max_features': None, 'model__min_samples_leaf': 75, 'model__n_iter_no_change': 50, 'model__subsample': 0.7}",0.00043979439233571185,squared_error,0.03,exponential,13,,75,50,0.7
0.8607140427016379,0.0035655085196359764,"{'model__ccp_alpha': 0.0002849146249884537, 'model__criterion': 'squared_error', 'model__learning_rate': 0.2, 'model__loss': 'exponential', 'model__max_depth': 7, 'model__max_features': 'log2', 'model__min_samples_leaf': 10, 'model__n_iter_no_change': 50, 'model__subsample': 1.0}",0.0002849146249884537,squared_error,0.2,exponential,7,log2,10,50,1.0
0.8605763943349395,0.003775738613043609,"{'model__ccp_alpha': 0.00020930243780717983, 'model__criterion': 'squared_error', 'model__learning_rate': 0.03, 'model__loss': 'exponential', 'model__max_depth': 3, 'model__max_features': None, 'model__min_samples_leaf': 75, 'model__n_iter_no_change': 50, 'model__subsample': 0.7}",0.00020930243780717983,squared_error,0.03,exponential,3,,75,50,0.7
0.8602595117294104,0.0037502612471161842,"{'model__ccp_alpha': 0.00039044507698718665, 'model__criterion': 'squared_error', 'model__learning_rate': 0.03, 'model__loss': 'exponential', 'model__max_depth': 11, 'model__max_features': None, 'model__min_samples_leaf': 75, 'model__n_iter_no_change': 25, 'model__subsample': 0.9}",0.00039044507698718665,squared_error,0.03,exponential,11,,75,25,0.9
0.8602557965111405,0.0041126594274898684,"{'model__ccp_alpha': 0.0005401150300722664, 'model__criterion': 'squared_error', 'model__learning_rate': 0.03, 'model__loss': 'exponential', 'model__max_depth': 7, 'model__max_features': 'log2', 'model__min_samples_leaf': 75, 'model__n_iter_no_change': 5, 'model__subsample': 0.6}",0.0005401150300722664,squared_error,0.03,exponential,7,log2,75,5,0.6
0.8601886871093007,0.003564993250847959,"{'model__ccp_alpha': 0.0005066622138501927, 'model__criterion': 'squared_error', 'model__learning_rate': 0.03, 'model__loss': 'exponential', 'model__max_depth': 7, 'model__max_features': None, 'model__min_samples_leaf': 75, 'model__n_iter_no_change': 50, 'model__subsample': 0.7}",0.0005066622138501927,squared_error,0.03,exponential,7,,75,50,0.7
0.860044101782352,0.003666750195100999,"{'model__ccp_alpha': 0.0005268431533746855, 'model__criterion': 'squared_error', 'model__learning_rate': 0.1, 'model__loss': 'exponential', 'model__max_depth': 19, 'model__max_features': 'sqrt', 'model__min_samples_leaf': 25, 'model__n_iter_no_change': 50, 'model__subsample': 0.7}",0.0005268431533746855,squared_error,0.1,exponential,19,sqrt,25,50,0.7
0.8593042282857649,0.003611048920512765,"{'model__ccp_alpha': 2.4932092792646313e-06, 'model__criterion': 'squared_error', 'model__learning_rate': 0.2, 'model__loss': 'exponential', 'model__max_depth': 6, 'model__max_features': None, 'model__min_samples_leaf': 10, 'model__n_iter_no_change': 50, 'model__subsample': 0.7}",2.4932092792646313e-06,squared_error,0.2,exponential,6,,10,50,0.7
0.8591208623730091,0.0036008913303917896,"{'model__ccp_alpha': 0.0005436334964372601, 'model__criterion': 'squared_error', 'model__learning_rate': 0.05, 'model__loss': 'exponential', 'model__max_depth': 12, 'model__max_features': None, 'model__min_samples_leaf': 75, 'model__n_iter_no_change': 50, 'model__subsample': 0.9}",0.0005436334964372601,squared_error,0.05,exponential,12,,75,50,0.9
0.8589087296068859,0.003738154769222932,"{'model__ccp_alpha': 0.0006800352218188591, 'model__criterion': 'squared_error', 'model__learning_rate': 0.03, 'model__loss': 'exponential', 'model__max_depth': 7, 'model__max_features': None, 'model__min_samples_leaf': 75, 'model__n_iter_no_change': 50, 'model__subsample': 0.7}",0.0006800352218188591,squared_error,0.03,exponential,7,,75,50,0.7
0.8587671445097935,0.0037734075498542102,"{'model__ccp_alpha': 0.0008993253929440575, 'model__criterion': 'friedman_mse', 'model__learning_rate': 0.03, 'model__loss': 'exponential', 'model__max_depth': 11, 'model__max_features': 'sqrt', 'model__min_samples_leaf': 25, 'model__n_iter_no_change': 10, 'model__subsample': 0.7}",0.0008993253929440575,friedman_mse,0.03,exponential,11,sqrt,25,10,0.7
0.8586565537134936,0.003951163746605646,"{'model__ccp_alpha': 0.0004851802413087048, 'model__criterion': 'friedman_mse', 'model__learning_rate': 0.3, 'model__loss': 'exponential', 'model__max_depth': 9, 'model__max_features': 'sqrt', 'model__min_samples_leaf': 75, 'model__n_iter_no_change': 10, 'model__subsample': 0.8}",0.0004851802413087048,friedman_mse,0.3,exponential,9,sqrt,75,10,0.8
0.8584442276231948,0.0037106858887400915,"{'model__ccp_alpha': 0.0007379120224650661, 'model__criterion': 'squared_error', 'model__learning_rate': 0.1, 'model__loss': 'exponential', 'model__max_depth': 7, 'model__max_features': None, 'model__min_samples_leaf': 150, 'model__n_iter_no_change': 15, 'model__subsample': 0.7}",0.0007379120224650661,squared_error,0.1,exponential,7,,150,15,0.7
0.8582545522046496,0.003601602348166668,"{'model__ccp_alpha': 0.0006276197871507763, 'model__criterion': 'squared_error', 'model__learning_rate': 0.3, 'model__loss': 'exponential', 'model__max_depth': 15, 'model__max_features': 'auto', 'model__min_samples_leaf': 75, 'model__n_iter_no_change': 50, 'model__subsample': 0.9}",0.0006276197871507763,squared_error,0.3,exponential,15,auto,75,50,0.9
0.8581518214388073,0.0036234593674308807,"{'model__ccp_alpha': 0.0008200570267404446, 'model__criterion': 'squared_error', 'model__learning_rate': 0.03, 'model__loss': 'exponential', 'model__max_depth': 19, 'model__max_features': None, 'model__min_samples_leaf': 150, 'model__n_iter_no_change': 50, 'model__subsample': 0.7}",0.0008200570267404446,squared_error,0.03,exponential,19,,150,50,0.7
0.8579945300434961,0.004240842102307532,"{'model__ccp_alpha': 0.0006999857078415525, 'model__criterion': 'squared_error', 'model__learning_rate': 0.2, 'model__loss': 'exponential', 'model__max_depth': 10, 'model__max_features': 'log2', 'model__min_samples_leaf': 75, 'model__n_iter_no_change': 10, 'model__subsample': 0.7}",0.0006999857078415525,squared_error,0.2,exponential,10,log2,75,10,0.7
0.8578833474080764,0.003686919965217754,"{'model__ccp_alpha': 0.0008595188376477748, 'model__criterion': 'squared_error', 'model__learning_rate': 0.03, 'model__loss': 'exponential', 'model__max_depth': 7, 'model__max_features': None, 'model__min_samples_leaf': 75, 'model__n_iter_no_change': 50, 'model__subsample': 0.7}",0.0008595188376477748,squared_error,0.03,exponential,7,,75,50,0.7
0.8578471380660384,0.004232463287566332,"{'model__ccp_alpha': 5.677881969063429e-07, 'model__criterion': 'squared_error', 'model__learning_rate': 0.2, 'model__loss': 'exponential', 'model__max_depth': 8, 'model__max_features': 'log2', 'model__min_samples_leaf': 10, 'model__n_iter_no_change': 15, 'model__subsample': 0.7}",5.677881969063429e-07,squared_error,0.2,exponential,8,log2,10,15,0.7
0.857824326770881,0.0043773698948078345,"{'model__ccp_alpha': 0.0009421974168767454, 'model__criterion': 'friedman_mse', 'model__learning_rate': 0.2, 'model__loss': 'exponential', 'model__max_depth': 23, 'model__max_features': 'log2', 'model__min_samples_leaf': 10, 'model__n_iter_no_change': 15, 'model__subsample': 0.7}",0.0009421974168767454,friedman_mse,0.2,exponential,23,log2,10,15,0.7
0.8577995077396867,0.0037465320533573284,"{'model__ccp_alpha': 0.000855097309360927, 'model__criterion': 'friedman_mse', 'model__learning_rate': 0.01, 'model__loss': 'exponential', 'model__max_depth': 21, 'model__max_features': 'log2', 'model__min_samples_leaf': 50, 'model__n_iter_no_change': 5, 'model__subsample': 0.8}",0.000855097309360927,friedman_mse,0.01,exponential,21,log2,50,5,0.8
0.8577067313785225,0.004070891563330853,"{'model__ccp_alpha': 0.0007903991128373019, 'model__criterion': 'friedman_mse', 'model__learning_rate': 0.01, 'model__loss': 'exponential', 'model__max_depth': 17, 'model__max_features': 'sqrt', 'model__min_samples_leaf': 75, 'model__n_iter_no_change': 10, 'model__subsample': 0.8}",0.0007903991128373019,friedman_mse,0.01,exponential,17,sqrt,75,10,0.8
0.8576014156877356,0.0036433994294431666,"{'model__ccp_alpha': 0.0007859595042121189, 'model__criterion': 'squared_error', 'model__learning_rate': 0.05, 'model__loss': 'exponential', 'model__max_depth': 15, 'model__max_features': None, 'model__min_samples_leaf': 75, 'model__n_iter_no_change': 50, 'model__subsample': 0.9}",0.0007859595042121189,squared_error,0.05,exponential,15,,75,50,0.9
0.8575137609628876,0.003737183530930728,"{'model__ccp_alpha': 0.0010648422540887271, 'model__criterion': 'squared_error', 'model__learning_rate': 0.05, 'model__loss': 'exponential', 'model__max_depth': 24, 'model__max_features': 'log2', 'model__min_samples_leaf': 75, 'model__n_iter_no_change': 50, 'model__subsample': 0.9}",0.0010648422540887271,squared_error,0.05,exponential,24,log2,75,50,0.9
0.8573392249516315,0.0036745794715771626,"{'model__ccp_alpha': 3.3213480755195826e-06, 'model__criterion': 'friedman_mse', 'model__learning_rate': 0.005, 'model__loss': 'exponential', 'model__max_depth': 28, 'model__max_features': 'log2', 'model__min_samples_leaf': 25, 'model__n_iter_no_change': 15, 'model__subsample': 0.9}",3.3213480755195826e-06,friedman_mse,0.005,exponential,28,log2,25,15,0.9
0.8573360422351973,0.003687711861712686,"{'model__ccp_alpha': 0.0011619237638924988, 'model__criterion': 'friedman_mse', 'model__learning_rate': 0.03, 'model__loss': 'exponential', 'model__max_depth': 9, 'model__max_features': 'log2', 'model__min_samples_leaf': 50, 'model__n_iter_no_change': 5, 'model__subsample': 0.8}",0.0011619237638924988,friedman_mse,0.03,exponential,9,log2,50,5,0.8
0.8571757943764678,0.003636812102601458,"{'model__ccp_alpha': 0.0004433982567159394, 'model__criterion': 'friedman_mse', 'model__learning_rate': 0.005, 'model__loss': 'exponential', 'model__max_depth': 5, 'model__max_features': 'log2', 'model__min_samples_leaf': 150, 'model__n_iter_no_change': 10, 'model__subsample': 0.8}",0.0004433982567159394,friedman_mse,0.005,exponential,5,log2,150,10,0.8
0.8571328669140964,0.0038212899028500116,"{'model__ccp_alpha': 0.000992087567887563, 'model__criterion': 'squared_error', 'model__learning_rate': 0.03, 'model__loss': 'exponential', 'model__max_depth': 7, 'model__max_features': None, 'model__min_samples_leaf': 75, 'model__n_iter_no_change': 50, 'model__subsample': 0.7}",0.000992087567887563,squared_error,0.03,exponential,7,,75,50,0.7
0.8571323981897396,0.0037030417973036877,"{'model__ccp_alpha': 0.001006808054871254, 'model__criterion': 'squared_error', 'model__learning_rate': 0.03, 'model__loss': 'exponential', 'model__max_depth': 13, 'model__max_features': None, 'model__min_samples_leaf': 75, 'model__n_iter_no_change': 50, 'model__subsample': 0.7}",0.001006808054871254,squared_error,0.03,exponential,13,,75,50,0.7
0.856904153233712,0.0036205435229758006,"{'model__ccp_alpha': 1.7658932306185143e-05, 'model__criterion': 'friedman_mse', 'model__learning_rate': 0.05, 'model__loss': 'exponential', 'model__max_depth': 10, 'model__max_features': 'auto', 'model__min_samples_leaf': 10, 'model__n_iter_no_change': 10, 'model__subsample': 0.8}",1.7658932306185143e-05,friedman_mse,0.05,exponential,10,auto,10,10,0.8
0.8566862417699657,0.004061177272632792,"{'model__ccp_alpha': 0.0015740096460532334, 'model__criterion': 'squared_error', 'model__learning_rate': 0.03, 'model__loss': 'exponential', 'model__max_depth': 21, 'model__max_features': 'log2', 'model__min_samples_leaf': 75, 'model__n_iter_no_change': 25, 'model__subsample': 0.7}",0.0015740096460532334,squared_error,0.03,exponential,21,log2,75,25,0.7
0.8566419843556832,0.003767511565966681,"{'model__ccp_alpha': 0.0012417817266204938, 'model__criterion': 'friedman_mse', 'model__learning_rate': 0.01, 'model__loss': 'exponential', 'model__max_depth': 10, 'model__max_features': 'sqrt', 'model__min_samples_leaf': 75, 'model__n_iter_no_change': 10, 'model__subsample': 0.8}",0.0012417817266204938,friedman_mse,0.01,exponential,10,sqrt,75,10,0.8
0.8565931837757397,0.003766563584747526,"{'model__ccp_alpha': 0.0011128979022371295, 'model__criterion': 'squared_error', 'model__learning_rate': 0.03, 'model__loss': 'exponential', 'model__max_depth': 22, 'model__max_features': None, 'model__min_samples_leaf': 50, 'model__n_iter_no_change': 50, 'model__subsample': 0.7}",0.0011128979022371295,squared_error,0.03,exponential,22,,50,50,0.7
0.8564752501362373,0.0038026157341050047,"{'model__ccp_alpha': 0.0007614600905615463, 'model__criterion': 'squared_error', 'model__learning_rate': 0.1, 'model__loss': 'exponential', 'model__max_depth': 6, 'model__max_features': 'auto', 'model__min_samples_leaf': 50, 'model__n_iter_no_change': 50, 'model__subsample': 1.0}",0.0007614600905615463,squared_error,0.1,exponential,6,auto,50,50,1.0
0.8564514047480024,0.0037273828150423943,"{'model__ccp_alpha': 0.0011274153431684243, 'model__criterion': 'friedman_mse', 'model__learning_rate': 0.03, 'model__loss': 'exponential', 'model__max_depth': 15, 'model__max_features': None, 'model__min_samples_leaf': 50, 'model__n_iter_no_change': 25, 'model__subsample': 0.7}",0.0011274153431684243,friedman_mse,0.03,exponential,15,,50,25,0.7
0.8557592114207513,0.0038085935775587615,"{'model__ccp_alpha': 0.0013270576186953948, 'model__criterion': 'squared_error', 'model__learning_rate': 0.03, 'model__loss': 'exponential', 'model__max_depth': 7, 'model__max_features': None, 'model__min_samples_leaf': 75, 'model__n_iter_no_change': 50, 'model__subsample': 0.7}",0.0013270576186953948,squared_error,0.03,exponential,7,,75,50,0.7
0.8557026813619608,0.004006516297169673,"{'model__ccp_alpha': 0.0017195398190215884, 'model__criterion': 'friedman_mse', 'model__learning_rate': 0.01, 'model__loss': 'exponential', 'model__max_depth': 16, 'model__max_features': 'sqrt', 'model__min_samples_leaf': 75, 'model__n_iter_no_change': 10, 'model__subsample': 0.8}",0.0017195398190215884,friedman_mse,0.01,exponential,16,sqrt,75,10,0.8
0.8556563043303547,0.0037772952329947857,"{'model__ccp_alpha': 0.0017608716298397231, 'model__criterion': 'friedman_mse', 'model__learning_rate': 0.1, 'model__loss': 'exponential', 'model__max_depth': 20, 'model__max_features': 'sqrt', 'model__min_samples_leaf': 10, 'model__n_iter_no_change': 15, 'model__subsample': 0.8}",0.0017608716298397231,friedman_mse,0.1,exponential,20,sqrt,10,15,0.8
0.8556518406729104,0.003888028977378816,"{'model__ccp_alpha': 0.001313703448860606, 'model__criterion': 'squared_error', 'model__learning_rate': 0.05, 'model__loss': 'exponential', 'model__max_depth': 14, 'model__max_features': None, 'model__min_samples_leaf': 25, 'model__n_iter_no_change': 50, 'model__subsample': 0.7}",0.001313703448860606,squared_error,0.05,exponential,14,,25,50,0.7
0.8556225029798723,0.0045463919019432366,"{'model__ccp_alpha': 5.330433384098887e-05, 'model__criterion': 'friedman_mse', 'model__learning_rate': 0.3, 'model__loss': 'deviance', 'model__max_depth': 11, 'model__max_features': 'auto', 'model__min_samples_leaf': 10, 'model__n_iter_no_change': 50, 'model__subsample': 0.6}",5.330433384098887e-05,friedman_mse,0.3,deviance,11,auto,10,50,0.6
0.8555702777515425,0.004049303264804827,"{'model__ccp_alpha': 0.0012929167667480388, 'model__criterion': 'squared_error', 'model__learning_rate': 0.03, 'model__loss': 'exponential', 'model__max_depth': 4, 'model__max_features': None, 'model__min_samples_leaf': 75, 'model__n_iter_no_change': 15, 'model__subsample': 0.7}",0.0012929167667480388,squared_error,0.03,exponential,4,,75,15,0.7
0.8554284179140783,0.003979368214243307,"{'model__ccp_alpha': 0.0013923792796895857, 'model__criterion': 'squared_error', 'model__learning_rate': 0.03, 'model__loss': 'exponential', 'model__max_depth': 14, 'model__max_features': None, 'model__min_samples_leaf': 25, 'model__n_iter_no_change': 25, 'model__subsample': 0.7}",0.0013923792796895857,squared_error,0.03,exponential,14,,25,25,0.7
0.8551857776833831,0.004172886110823558,"{'model__ccp_alpha': 0.0016781553731802536, 'model__criterion': 'squared_error', 'model__learning_rate': 0.2, 'model__loss': 'exponential', 'model__max_depth': 7, 'model__max_features': 'log2', 'model__min_samples_leaf': 75, 'model__n_iter_no_change': 15, 'model__subsample': 0.7}",0.0016781553731802536,squared_error,0.2,exponential,7,log2,75,15,0.7
0.855139187060925,0.0040082521232681885,"{'model__ccp_alpha': 0.002220189027116642, 'model__criterion': 'friedman_mse', 'model__learning_rate': 0.01, 'model__loss': 'exponential', 'model__max_depth': 14, 'model__max_features': 'log2', 'model__min_samples_leaf': 25, 'model__n_iter_no_change': 15, 'model__subsample': 0.9}",0.002220189027116642,friedman_mse,0.01,exponential,14,log2,25,15,0.9
0.8549721817508404,0.0037915640700997657,"{'model__ccp_alpha': 0.002001715409831311, 'model__criterion': 'friedman_mse', 'model__learning_rate': 0.005, 'model__loss': 'exponential', 'model__max_depth': 22, 'model__max_features': 'log2', 'model__min_samples_leaf': 100, 'model__n_iter_no_change': 25, 'model__subsample': 0.7}",0.002001715409831311,friedman_mse,0.005,exponential,22,log2,100,25,0.7
0.8549180408204642,0.0040566378745965585,"{'model__ccp_alpha': 0.0015016583109991898, 'model__criterion': 'squared_error', 'model__learning_rate': 0.03, 'model__loss': 'exponential', 'model__max_depth': 29, 'model__max_features': None, 'model__min_samples_leaf': 10, 'model__n_iter_no_change': 50, 'model__subsample': 0.6}",0.0015016583109991898,squared_error,0.03,exponential,29,,10,50,0.6
0.8547674097289409,0.003744139931920423,"{'model__ccp_alpha': 0.001513930576572748, 'model__criterion': 'squared_error', 'model__learning_rate': 0.03, 'model__loss': 'exponential', 'model__max_depth': 7, 'model__max_features': None, 'model__min_samples_leaf': 25, 'model__n_iter_no_change': 50, 'model__subsample': 0.7}",0.001513930576572748,squared_error,0.03,exponential,7,,25,50,0.7
0.8547487611099648,0.0037601649515727853,"{'model__ccp_alpha': 0.00218640198788935, 'model__criterion': 'friedman_mse', 'model__learning_rate': 0.1, 'model__loss': 'exponential', 'model__max_depth': 20, 'model__max_features': 'sqrt', 'model__min_samples_leaf': 75, 'model__n_iter_no_change': 25, 'model__subsample': 0.8}",0.00218640198788935,friedman_mse,0.1,exponential,20,sqrt,75,25,0.8
0.8543787983715466,0.0037326976448756157,"{'model__ccp_alpha': 0.0016365684170381576, 'model__criterion': 'squared_error', 'model__learning_rate': 0.03, 'model__loss': 'exponential', 'model__max_depth': 7, 'model__max_features': None, 'model__min_samples_leaf': 100, 'model__n_iter_no_change': 25, 'model__subsample': 0.7}",0.0016365684170381576,squared_error,0.03,exponential,7,,100,25,0.7
0.8543032763251123,0.004183391599160168,"{'model__ccp_alpha': 0.002680595670378674, 'model__criterion': 'friedman_mse', 'model__learning_rate': 0.01, 'model__loss': 'exponential', 'model__max_depth': 29, 'model__max_features': 'log2', 'model__min_samples_leaf': 25, 'model__n_iter_no_change': 25, 'model__subsample': 0.9}",0.002680595670378674,friedman_mse,0.01,exponential,29,log2,25,25,0.9
0.8542305967517487,0.0037612957379152203,"{'model__ccp_alpha': 0.0017219353435711578, 'model__criterion': 'squared_error', 'model__learning_rate': 0.03, 'model__loss': 'exponential', 'model__max_depth': 4, 'model__max_features': None, 'model__min_samples_leaf': 75, 'model__n_iter_no_change': 50, 'model__subsample': 0.7}",0.0017219353435711578,squared_error,0.03,exponential,4,,75,50,0.7
0.8541086552790661,0.003958715513363212,"{'model__ccp_alpha': 0.0020085446742732294, 'model__criterion': 'friedman_mse', 'model__learning_rate': 0.3, 'model__loss': 'exponential', 'model__max_depth': 16, 'model__max_features': 'log2', 'model__min_samples_leaf': 25, 'model__n_iter_no_change': 25, 'model__subsample': 0.9}",0.0020085446742732294,friedman_mse,0.3,exponential,16,log2,25,25,0.9
0.8540878375152745,0.0035479702645160203,"{'model__ccp_alpha': 0.0014249340388315982, 'model__criterion': 'squared_error', 'model__learning_rate': 0.05, 'model__loss': 'exponential', 'model__max_depth': 17, 'model__max_features': None, 'model__min_samples_leaf': 10, 'model__n_iter_no_change': 5, 'model__subsample': 0.9}",0.0014249340388315982,squared_error,0.05,exponential,17,,10,5,0.9
0.8539854082479413,0.003755989972896504,"{'model__ccp_alpha': 0.0033080462400755556, 'model__criterion': 'squared_error', 'model__learning_rate': 0.03, 'model__loss': 'exponential', 'model__max_depth': 19, 'model__max_features': 'sqrt', 'model__min_samples_leaf': 150, 'model__n_iter_no_change': 5, 'model__subsample': 0.9}",0.0033080462400755556,squared_error,0.03,exponential,19,sqrt,150,5,0.9
0.8535585700023948,0.0037853227313693165,"{'model__ccp_alpha': 0.003090544527033156, 'model__criterion': 'friedman_mse', 'model__learning_rate': 0.05, 'model__loss': 'exponential', 'model__max_depth': 27, 'model__max_features': 'log2', 'model__min_samples_leaf': 25, 'model__n_iter_no_change': 15, 'model__subsample': 0.9}",0.003090544527033156,friedman_mse,0.05,exponential,27,log2,25,15,0.9
0.8534199570386745,0.0038139443628912614,"{'model__ccp_alpha': 0.0019047379878891898, 'model__criterion': 'squared_error', 'model__learning_rate': 0.03, 'model__loss': 'exponential', 'model__max_depth': 23, 'model__max_features': None, 'model__min_samples_leaf': 100, 'model__n_iter_no_change': 50, 'model__subsample': 0.7}",0.0019047379878891898,squared_error,0.03,exponential,23,,100,50,0.7
0.8533236436048851,0.0046945068661550775,"{'model__ccp_alpha': 0.0035845128788894623, 'model__criterion': 'friedman_mse', 'model__learning_rate': 0.01, 'model__loss': 'exponential', 'model__max_depth': 15, 'model__max_features': 'log2', 'model__min_samples_leaf': 75, 'model__n_iter_no_change': 25, 'model__subsample': 1.0}",0.0035845128788894623,friedman_mse,0.01,exponential,15,log2,75,25,1.0
0.8533005595618561,0.0037647540736635205,"{'model__ccp_alpha': 0.002106171043013099, 'model__criterion': 'squared_error', 'model__learning_rate': 0.03, 'model__loss': 'exponential', 'model__max_depth': 23, 'model__max_features': None, 'model__min_samples_leaf': 25, 'model__n_iter_no_change': 50, 'model__subsample': 0.7}",0.002106171043013099,squared_error,0.03,exponential,23,,25,50,0.7
0.853238401469039,0.003961657330921008,"{'model__ccp_alpha': 0.0018226037950652054, 'model__criterion': 'friedman_mse', 'model__learning_rate': 0.03, 'model__loss': 'exponential', 'model__max_depth': 8, 'model__max_features': None, 'model__min_samples_leaf': 25, 'model__n_iter_no_change': 25, 'model__subsample': 0.9}",0.0018226037950652054,friedman_mse,0.03,exponential,8,,25,25,0.9
0.8531481095597939,0.00454616936910085,"{'model__ccp_alpha': 3.891555251402081e-06, 'model__criterion': 'friedman_mse', 'model__learning_rate': 0.3, 'model__loss': 'exponential', 'model__max_depth': 10, 'model__max_features': None, 'model__min_samples_leaf': 75, 'model__n_iter_no_change': 10, 'model__subsample': 0.8}",3.891555251402081e-06,friedman_mse,0.3,exponential,10,,75,10,0.8
0.8530209844409782,0.005074829764852047,"{'model__ccp_alpha': 0.001685466010245787, 'model__criterion': 'friedman_mse', 'model__learning_rate': 0.3, 'model__loss': 'exponential', 'model__max_depth': 3, 'model__max_features': 'sqrt', 'model__min_samples_leaf': 75, 'model__n_iter_no_change': 25, 'model__subsample': 0.9}",0.001685466010245787,friedman_mse,0.3,exponential,3,sqrt,75,25,0.9
0.852994441608082,0.0038823682775592254,"{'model__ccp_alpha': 0.0021864070357103427, 'model__criterion': 'squared_error', 'model__learning_rate': 0.03, 'model__loss': 'exponential', 'model__max_depth': 26, 'model__max_features': None, 'model__min_samples_leaf': 75, 'model__n_iter_no_change': 15, 'model__subsample': 0.7}",0.0021864070357103427,squared_error,0.03,exponential,26,,75,15,0.7
0.8529902416952535,0.0035956675594644117,"{'model__ccp_alpha': 1.0982627741311837e-05, 'model__criterion': 'squared_error', 'model__learning_rate': 0.03, 'model__loss': 'exponential', 'model__max_depth': 18, 'model__max_features': None, 'model__min_samples_leaf': 25, 'model__n_iter_no_change': 50, 'model__subsample': 0.7}",1.0982627741311837e-05,squared_error,0.03,exponential,18,,25,50,0.7
0.8529851586199978,0.0035425727716738935,"{'model__ccp_alpha': 0.003934768945728658, 'model__criterion': 'friedman_mse', 'model__learning_rate': 0.1, 'model__loss': 'exponential', 'model__max_depth': 7, 'model__max_features': 'sqrt', 'model__min_samples_leaf': 50, 'model__n_iter_no_change': 10, 'model__subsample': 0.8}",0.003934768945728658,friedman_mse,0.1,exponential,7,sqrt,50,10,0.8
0.8528007656670447,0.0033817952981638065,"{'model__ccp_alpha': 0.003471924723496941, 'model__criterion': 'squared_error', 'model__learning_rate': 0.1, 'model__loss': 'exponential', 'model__max_depth': 21, 'model__max_features': 'log2', 'model__min_samples_leaf': 100, 'model__n_iter_no_change': 15, 'model__subsample': 0.7}",0.003471924723496941,squared_error,0.1,exponential,21,log2,100,15,0.7
0.8528004103049526,0.004106900005981087,"{'model__ccp_alpha': 0.0019414709138507636, 'model__criterion': 'squared_error', 'model__learning_rate': 0.2, 'model__loss': 'exponential', 'model__max_depth': 27, 'model__max_features': None, 'model__min_samples_leaf': 150, 'model__n_iter_no_change': 15, 'model__subsample': 0.6}",0.0019414709138507636,squared_error,0.2,exponential,27,,150,15,0.6
0.8527434904105125,0.003719306671293767,"{'model__ccp_alpha': 0.002014994578034354, 'model__criterion': 'squared_error', 'model__learning_rate': 0.03, 'model__loss': 'exponential', 'model__max_depth': 15, 'model__max_features': None, 'model__min_samples_leaf': 75, 'model__n_iter_no_change': 50, 'model__subsample': 0.9}",0.002014994578034354,squared_error,0.03,exponential,15,,75,50,0.9
0.852192657236061,0.0036017529797060803,"{'model__ccp_alpha': 0.004969072312435728, 'model__criterion': 'friedman_mse', 'model__learning_rate': 0.05, 'model__loss': 'exponential', 'model__max_depth': 25, 'model__max_features': 'log2', 'model__min_samples_leaf': 100, 'model__n_iter_no_change': 50, 'model__subsample': 0.8}",0.004969072312435728,friedman_mse,0.05,exponential,25,log2,100,50,0.8
0.8520152299849407,0.003518534817285848,"{'model__ccp_alpha': 0.0023126758871429144, 'model__criterion': 'squared_error', 'model__learning_rate': 0.03, 'model__loss': 'exponential', 'model__max_depth': 18, 'model__max_features': 'auto', 'model__min_samples_leaf': 75, 'model__n_iter_no_change': 25, 'model__subsample': 0.9}",0.0023126758871429144,squared_error,0.03,exponential,18,auto,75,25,0.9
0.8519550250625286,0.004393505351895956,"{'model__ccp_alpha': 0.0046199395997009885, 'model__criterion': 'friedman_mse', 'model__learning_rate': 0.05, 'model__loss': 'exponential', 'model__max_depth': 26, 'model__max_features': 'sqrt', 'model__min_samples_leaf': 25, 'model__n_iter_no_change': 5, 'model__subsample': 0.7}",0.0046199395997009885,friedman_mse,0.05,exponential,26,sqrt,25,5,0.7
0.8519534762809073,0.0037656945426774876,"{'model__ccp_alpha': 0.0022992653727009404, 'model__criterion': 'squared_error', 'model__learning_rate': 0.1, 'model__loss': 'exponential', 'model__max_depth': 15, 'model__max_features': None, 'model__min_samples_leaf': 75, 'model__n_iter_no_change': 10, 'model__subsample': 0.9}",0.0022992653727009404,squared_error,0.1,exponential,15,,75,10,0.9
0.8517504359411712,0.0038250446857019506,"{'model__ccp_alpha': 0.0028347198927430378, 'model__criterion': 'squared_error', 'model__learning_rate': 0.03, 'model__loss': 'exponential', 'model__max_depth': 14, 'model__max_features': None, 'model__min_samples_leaf': 75, 'model__n_iter_no_change': 10, 'model__subsample': 0.6}",0.0028347198927430378,squared_error,0.03,exponential,14,,75,10,0.6
0.8516665357868142,0.0037570824111166604,"{'model__ccp_alpha': 0.002701892357351472, 'model__criterion': 'squared_error', 'model__learning_rate': 0.03, 'model__loss': 'exponential', 'model__max_depth': 26, 'model__max_features': None, 'model__min_samples_leaf': 10, 'model__n_iter_no_change': 25, 'model__subsample': 0.7}",0.002701892357351472,squared_error,0.03,exponential,26,,10,25,0.7
0.8515507027289051,0.003944478722551548,"{'model__ccp_alpha': 0.0007664418662465523, 'model__criterion': 'squared_error', 'model__learning_rate': 0.005, 'model__loss': 'exponential', 'model__max_depth': 15, 'model__max_features': None, 'model__min_samples_leaf': 75, 'model__n_iter_no_change': 5, 'model__subsample': 0.9}",0.0007664418662465523,squared_error,0.005,exponential,15,,75,5,0.9
0.851492506613776,0.004196836797528059,"{'model__ccp_alpha': 0.00515974101652735, 'model__criterion': 'squared_error', 'model__learning_rate': 0.01, 'model__loss': 'exponential', 'model__max_depth': 11, 'model__max_features': 'log2', 'model__min_samples_leaf': 150, 'model__n_iter_no_change': 10, 'model__subsample': 1.0}",0.00515974101652735,squared_error,0.01,exponential,11,log2,150,10,1.0
0.8514450348939391,0.004576856659173745,"{'model__ccp_alpha': 0.005487142153304077, 'model__criterion': 'squared_error', 'model__learning_rate': 0.01, 'model__loss': 'exponential', 'model__max_depth': 29, 'model__max_features': 'log2', 'model__min_samples_leaf': 150, 'model__n_iter_no_change': 10, 'model__subsample': 1.0}",0.005487142153304077,squared_error,0.01,exponential,29,log2,150,10,1.0
0.8514332791070751,0.004016764704677516,"{'model__ccp_alpha': 0.006108765719916001, 'model__criterion': 'squared_error', 'model__learning_rate': 0.03, 'model__loss': 'exponential', 'model__max_depth': 15, 'model__max_features': 'log2', 'model__min_samples_leaf': 50, 'model__n_iter_no_change': 25, 'model__subsample': 0.9}",0.006108765719916001,squared_error,0.03,exponential,15,log2,50,25,0.9
0.8514267563555948,0.004378005457082344,"{'model__ccp_alpha': 0.0030609393778423025, 'model__criterion': 'squared_error', 'model__learning_rate': 0.3, 'model__loss': 'exponential', 'model__max_depth': 23, 'model__max_features': 'log2', 'model__min_samples_leaf': 75, 'model__n_iter_no_change': 25, 'model__subsample': 0.7}",0.0030609393778423025,squared_error,0.3,exponential,23,log2,75,25,0.7
0.8514208370263159,0.005075576094413858,"{'model__ccp_alpha': 0.005415113256960287, 'model__criterion': 'friedman_mse', 'model__learning_rate': 0.1, 'model__loss': 'exponential', 'model__max_depth': 22, 'model__max_features': 'log2', 'model__min_samples_leaf': 25, 'model__n_iter_no_change': 15, 'model__subsample': 0.9}",0.005415113256960287,friedman_mse,0.1,exponential,22,log2,25,15,0.9
0.8512885099295293,0.003602453965494733,"{'model__ccp_alpha': 0.0026005667249217644, 'model__criterion': 'squared_error', 'model__learning_rate': 0.03, 'model__loss': 'exponential', 'model__max_depth': 7, 'model__max_features': None, 'model__min_samples_leaf': 75, 'model__n_iter_no_change': 50, 'model__subsample': 0.9}",0.0026005667249217644,squared_error,0.03,exponential,7,,75,50,0.9
0.8512323294538156,0.0038706741957341877,"{'model__ccp_alpha': 0.006440539140924347, 'model__criterion': 'friedman_mse', 'model__learning_rate': 0.03, 'model__loss': 'exponential', 'model__max_depth': 5, 'model__max_features': 'log2', 'model__min_samples_leaf': 75, 'model__n_iter_no_change': 5, 'model__subsample': 0.7}",0.006440539140924347,friedman_mse,0.03,exponential,5,log2,75,5,0.7
0.851171549743991,0.004641636880276373,"{'model__ccp_alpha': 0.006635024926154502, 'model__criterion': 'friedman_mse', 'model__learning_rate': 0.01, 'model__loss': 'exponential', 'model__max_depth': 23, 'model__max_features': 'log2', 'model__min_samples_leaf': 150, 'model__n_iter_no_change': 15, 'model__subsample': 0.9}",0.006635024926154502,friedman_mse,0.01,exponential,23,log2,150,15,0.9
0.8510520028711447,0.004534962617388086,"{'model__ccp_alpha': 0.00645702009078719, 'model__criterion': 'friedman_mse', 'model__learning_rate': 0.1, 'model__loss': 'exponential', 'model__max_depth': 28, 'model__max_features': 'sqrt', 'model__min_samples_leaf': 25, 'model__n_iter_no_change': 25, 'model__subsample': 0.8}",0.00645702009078719,friedman_mse,0.1,exponential,28,sqrt,25,25,0.8
0.8508787678628649,0.003737476741240029,"{'model__ccp_alpha': 0.0026195105389500324, 'model__criterion': 'friedman_mse', 'model__learning_rate': 0.3, 'model__loss': 'exponential', 'model__max_depth': 7, 'model__max_features': 'auto', 'model__min_samples_leaf': 100, 'model__n_iter_no_change': 50, 'model__subsample': 0.8}",0.0026195105389500324,friedman_mse,0.3,exponential,7,auto,100,50,0.8
0.8505549349659283,0.0034344648063683097,"{'model__ccp_alpha': 0.000128310297686873, 'model__criterion': 'squared_error', 'model__learning_rate': 0.05, 'model__loss': 'log_loss', 'model__max_depth': 25, 'model__max_features': None, 'model__min_samples_leaf': 25, 'model__n_iter_no_change': 15, 'model__subsample': 0.7}",0.000128310297686873,squared_error,0.05,log_loss,25,,25,15,0.7
0.8504572849588161,0.003031467840255067,"{'model__ccp_alpha': 9.670173279021938e-05, 'model__criterion': 'friedman_mse', 'model__learning_rate': 0.3, 'model__loss': 'deviance', 'model__max_depth': 24, 'model__max_features': 'auto', 'model__min_samples_leaf': 75, 'model__n_iter_no_change': 50, 'model__subsample': 0.9}",9.670173279021938e-05,friedman_mse,0.3,deviance,24,auto,75,50,0.9
0.8504379179742326,0.003367893653545803,"{'model__ccp_alpha': 0.004817934344654284, 'model__criterion': 'friedman_mse', 'model__learning_rate': 0.2, 'model__loss': 'exponential', 'model__max_depth': 8, 'model__max_features': 'sqrt', 'model__min_samples_leaf': 150, 'model__n_iter_no_change': 25, 'model__subsample': 0.9}",0.004817934344654284,friedman_mse,0.2,exponential,8,sqrt,150,25,0.9
0.8502954343799898,0.004511820111501775,"{'model__ccp_alpha': 0.0029888516034032937, 'model__criterion': 'squared_error', 'model__learning_rate': 0.3, 'model__loss': 'exponential', 'model__max_depth': 26, 'model__max_features': 'auto', 'model__min_samples_leaf': 150, 'model__n_iter_no_change': 50, 'model__subsample': 0.7}",0.0029888516034032937,squared_error,0.3,exponential,26,auto,150,50,0.7
0.8501141584009557,0.005034612137592554,"{'model__ccp_alpha': 0.0067125017289286345, 'model__criterion': 'squared_error', 'model__learning_rate': 0.03, 'model__loss': 'exponential', 'model__max_depth': 17, 'model__max_features': 'log2', 'model__min_samples_leaf': 25, 'model__n_iter_no_change': 15, 'model__subsample': 0.9}",0.0067125017289286345,squared_error,0.03,exponential,17,log2,25,15,0.9
0.8499794066435656,0.003538112115805483,"{'model__ccp_alpha': 0.0025278441179516814, 'model__criterion': 'friedman_mse', 'model__learning_rate': 0.2, 'model__loss': 'exponential', 'model__max_depth': 10, 'model__max_features': 'auto', 'model__min_samples_leaf': 150, 'model__n_iter_no_change': 50, 'model__subsample': 1.0}",0.0025278441179516814,friedman_mse,0.2,exponential,10,auto,150,50,1.0
0.8498004380031141,0.003227586194928236,"{'model__ccp_alpha': 0.0006470554049860636, 'model__criterion': 'friedman_mse', 'model__learning_rate': 0.03, 'model__loss': 'deviance', 'model__max_depth': 25, 'model__max_features': 'log2', 'model__min_samples_leaf': 75, 'model__n_iter_no_change': 10, 'model__subsample': 0.8}",0.0006470554049860636,friedman_mse,0.03,deviance,25,log2,75,10,0.8
0.8497259850948311,0.004257495209238401,"{'model__ccp_alpha': 0.003140225276750455, 'model__criterion': 'squared_error', 'model__learning_rate': 0.3, 'model__loss': 'exponential', 'model__max_depth': 27, 'model__max_features': 'sqrt', 'model__min_samples_leaf': 50, 'model__n_iter_no_change': 10, 'model__subsample': 1.0}",0.003140225276750455,squared_error,0.3,exponential,27,sqrt,50,10,1.0
0.8493439337058518,0.0037589772805867792,"{'model__ccp_alpha': 0.00047389171421508935, 'model__criterion': 'friedman_mse', 'model__learning_rate': 0.1, 'model__loss': 'deviance', 'model__max_depth': 11, 'model__max_features': 'sqrt', 'model__min_samples_leaf': 10, 'model__n_iter_no_change': 50, 'model__subsample': 0.6}",0.00047389171421508935,friedman_mse,0.1,deviance,11,sqrt,10,50,0.6
0.8490856620660487,0.0033600801910931223,"{'model__ccp_alpha': 0.003410211284207681, 'model__criterion': 'squared_error', 'model__learning_rate': 0.1, 'model__loss': 'exponential', 'model__max_depth': 16, 'model__max_features': None, 'model__min_samples_leaf': 100, 'model__n_iter_no_change': 5, 'model__subsample': 0.6}",0.003410211284207681,squared_error,0.1,exponential,16,,100,5,0.6
0.8490075551712837,0.005427567774942744,"{'model__ccp_alpha': 0.005725676456125924, 'model__criterion': 'friedman_mse', 'model__learning_rate': 0.2, 'model__loss': 'exponential', 'model__max_depth': 13, 'model__max_features': 'log2', 'model__min_samples_leaf': 50, 'model__n_iter_no_change': 5, 'model__subsample': 0.9}",0.005725676456125924,friedman_mse,0.2,exponential,13,log2,50,5,0.9
0.84898790475478,0.004777876860970467,"{'model__ccp_alpha': 0.0021255229313200553, 'model__criterion': 'squared_error', 'model__learning_rate': 0.01, 'model__loss': 'exponential', 'model__max_depth': 7, 'model__max_features': None, 'model__min_samples_leaf': 75, 'model__n_iter_no_change': 5, 'model__subsample': 0.8}",0.0021255229313200553,squared_error,0.01,exponential,7,,75,5,0.8
0.8488014205476835,0.00468475820282063,"{'model__ccp_alpha': 0.00953526832296283, 'model__criterion': 'friedman_mse', 'model__learning_rate': 0.1, 'model__loss': 'exponential', 'model__max_depth': 12, 'model__max_features': 'sqrt', 'model__min_samples_leaf': 75, 'model__n_iter_no_change': 25, 'model__subsample': 0.9}",0.00953526832296283,friedman_mse,0.1,exponential,12,sqrt,75,25,0.9
0.8485902710999419,0.0037385573920433674,"{'model__ccp_alpha': 0.0006136745672660179, 'model__criterion': 'friedman_mse', 'model__learning_rate': 0.03, 'model__loss': 'deviance', 'model__max_depth': 26, 'model__max_features': 'log2', 'model__min_samples_leaf': 25, 'model__n_iter_no_change': 15, 'model__subsample': 0.9}",0.0006136745672660179,friedman_mse,0.03,deviance,26,log2,25,15,0.9
0.848411942037308,0.004501755700046649,"{'model__ccp_alpha': 0.009224030166825643, 'model__criterion': 'squared_error', 'model__learning_rate': 0.2, 'model__loss': 'exponential', 'model__max_depth': 19, 'model__max_features': 'log2', 'model__min_samples_leaf': 75, 'model__n_iter_no_change': 50, 'model__subsample': 0.7}",0.009224030166825643,squared_error,0.2,exponential,19,log2,75,50,0.7
0.8483654355781243,0.0042060743395203725,"{'model__ccp_alpha': 0.0036575510790099316, 'model__criterion': 'squared_error', 'model__learning_rate': 0.03, 'model__loss': 'exponential', 'model__max_depth': 9, 'model__max_features': None, 'model__min_samples_leaf': 75, 'model__n_iter_no_change': 50, 'model__subsample': 0.7}",0.0036575510790099316,squared_error,0.03,exponential,9,,75,50,0.7
0.8483292333342334,0.0039953253517703,"{'model__ccp_alpha': 0.007103284656027243, 'model__criterion': 'friedman_mse', 'model__learning_rate': 0.2, 'model__loss': 'exponential', 'model__max_depth': 5, 'model__max_features': 'log2', 'model__min_samples_leaf': 75, 'model__n_iter_no_change': 50, 'model__subsample': 0.7}",0.007103284656027243,friedman_mse,0.2,exponential,5,log2,75,50,0.7
0.8477731978739209,0.00529186856042323,"{'model__ccp_alpha': 0.00017515701984010854, 'model__criterion': 'squared_error', 'model__learning_rate': 0.03, 'model__loss': 'log_loss', 'model__max_depth': 23, 'model__max_features': None, 'model__min_samples_leaf': 150, 'model__n_iter_no_change': 25, 'model__subsample': 0.7}",0.00017515701984010854,squared_error,0.03,log_loss,23,,150,25,0.7
0.8473510819588104,0.005831841692040915,"{'model__ccp_alpha': 0.0029721717799719555, 'model__criterion': 'squared_error', 'model__learning_rate': 0.3, 'model__loss': 'exponential', 'model__max_depth': 24, 'model__max_features': None, 'model__min_samples_leaf': 75, 'model__n_iter_no_change': 10, 'model__subsample': 0.7}",0.0029721717799719555,squared_error,0.3,exponential,24,,75,10,0.7
0.847050646956685,0.005412197526156649,"{'model__ccp_alpha': 0.007580789217396472, 'model__criterion': 'squared_error', 'model__learning_rate': 0.2, 'model__loss': 'exponential', 'model__max_depth': 27, 'model__max_features': 'sqrt', 'model__min_samples_leaf': 75, 'model__n_iter_no_change': 25, 'model__subsample': 0.8}",0.007580789217396472,squared_error,0.2,exponential,27,sqrt,75,25,0.8
0.8466399092267014,0.004015058399204418,"{'model__ccp_alpha': 0.004256856033479535, 'model__criterion': 'squared_error', 'model__learning_rate': 0.03, 'model__loss': 'exponential', 'model__max_depth': 18, 'model__max_features': None, 'model__min_samples_leaf': 100, 'model__n_iter_no_change': 10, 'model__subsample': 0.6}",0.004256856033479535,squared_error,0.03,exponential,18,,100,10,0.6
0.8456147581082014,0.0048022557000693905,"{'model__ccp_alpha': 0.0012056927764324272, 'model__criterion': 'squared_error', 'model__learning_rate': 0.005, 'model__loss': 'exponential', 'model__max_depth': 12, 'model__max_features': None, 'model__min_samples_leaf': 25, 'model__n_iter_no_change': 50, 'model__subsample': 1.0}",0.0012056927764324272,squared_error,0.005,exponential,12,,25,50,1.0
0.845402666345838,0.0044966135427049895,"{'model__ccp_alpha': 0.004333788492706875, 'model__criterion': 'squared_error', 'model__learning_rate': 0.05, 'model__loss': 'exponential', 'model__max_depth': 4, 'model__max_features': 'auto', 'model__min_samples_leaf': 25, 'model__n_iter_no_change': 25, 'model__subsample': 0.6}",0.004333788492706875,squared_error,0.05,exponential,4,auto,25,25,0.6
0.8447767542453357,0.005131071744438811,"{'model__ccp_alpha': 0.003649274346694978, 'model__criterion': 'friedman_mse', 'model__learning_rate': 0.01, 'model__loss': 'exponential', 'model__max_depth': 7, 'model__max_features': None, 'model__min_samples_leaf': 75, 'model__n_iter_no_change': 15, 'model__subsample': 0.7}",0.003649274346694978,friedman_mse,0.01,exponential,7,,75,15,0.7
0.8447488554705703,0.0050752125300561855,"{'model__ccp_alpha': 0.002847221419501765, 'model__criterion': 'squared_error', 'model__learning_rate': 0.01, 'model__loss': 'exponential', 'model__max_depth': 12, 'model__max_features': 'auto', 'model__min_samples_leaf': 100, 'model__n_iter_no_change': 5, 'model__subsample': 0.9}",0.002847221419501765,squared_error,0.01,exponential,12,auto,100,5,0.9
0.8445000273668066,0.0033914414115597067,"{'model__ccp_alpha': 0.0014125104747169071, 'model__criterion': 'squared_error', 'model__learning_rate': 0.03, 'model__loss': 'log_loss', 'model__max_depth': 28, 'model__max_features': 'sqrt', 'model__min_samples_leaf': 150, 'model__n_iter_no_change': 15, 'model__subsample': 0.6}",0.0014125104747169071,squared_error,0.03,log_loss,28,sqrt,150,15,0.6
0.8444891637610235,0.005909164045081792,"{'model__ccp_alpha': 0.0021038392803767922, 'model__criterion': 'squared_error', 'model__learning_rate': 0.005, 'model__loss': 'exponential', 'model__max_depth': 7, 'model__max_features': None, 'model__min_samples_leaf': 25, 'model__n_iter_no_change': 15, 'model__subsample': 0.6}",0.0021038392803767922,squared_error,0.005,exponential,7,,25,15,0.6
0.844297639997347,0.005267619348430469,"{'model__ccp_alpha': 0.004096786201245969, 'model__criterion': 'squared_error', 'model__learning_rate': 0.2, 'model__loss': 'exponential', 'model__max_depth': 22, 'model__max_features': None, 'model__min_samples_leaf': 50, 'model__n_iter_no_change': 50, 'model__subsample': 0.9}",0.004096786201245969,squared_error,0.2,exponential,22,,50,50,0.9
0.8440184674275681,0.0053384508105756,"{'model__ccp_alpha': 0.005970921961317358, 'model__criterion': 'squared_error', 'model__learning_rate': 0.03, 'model__loss': 'exponential', 'model__max_depth': 9, 'model__max_features': None, 'model__min_samples_leaf': 50, 'model__n_iter_no_change': 10, 'model__subsample': 0.7}",0.005970921961317358,squared_error,0.03,exponential,9,,50,10,0.7
0.8439556124570788,0.0032741577484397036,"{'model__ccp_alpha': 0.001417648395173613, 'model__criterion': 'friedman_mse', 'model__learning_rate': 0.03, 'model__loss': 'deviance', 'model__max_depth': 6, 'model__max_features': 'log2', 'model__min_samples_leaf': 25, 'model__n_iter_no_change': 15, 'model__subsample': 0.9}",0.001417648395173613,friedman_mse,0.03,deviance,6,log2,25,15,0.9
0.8439498786115702,0.0046732921145845015,"{'model__ccp_alpha': 0.0002471291468768133, 'model__criterion': 'squared_error', 'model__learning_rate': 0.05, 'model__loss': 'log_loss', 'model__max_depth': 16, 'model__max_features': None, 'model__min_samples_leaf': 25, 'model__n_iter_no_change': 15, 'model__subsample': 0.9}",0.0002471291468768133,squared_error,0.05,log_loss,16,,25,15,0.9
0.843789258984355,0.005416336431833188,"{'model__ccp_alpha': 0.004067793754145263, 'model__criterion': 'squared_error', 'model__learning_rate': 0.3, 'model__loss': 'exponential', 'model__max_depth': 7, 'model__max_features': None, 'model__min_samples_leaf': 75, 'model__n_iter_no_change': 25, 'model__subsample': 0.7}",0.004067793754145263,squared_error,0.3,exponential,7,,75,25,0.7
0.8437467401352648,0.004696829407968352,"{'model__ccp_alpha': 0.0002801540241709723, 'model__criterion': 'squared_error', 'model__learning_rate': 0.03, 'model__loss': 'log_loss', 'model__max_depth': 27, 'model__max_features': None, 'model__min_samples_leaf': 75, 'model__n_iter_no_change': 50, 'model__subsample': 0.7}",0.0002801540241709723,squared_error,0.03,log_loss,27,,75,50,0.7
0.8434216503134386,0.005107342467638617,"{'model__ccp_alpha': 0.0033028793618806365, 'model__criterion': 'friedman_mse', 'model__learning_rate': 0.3, 'model__loss': 'exponential', 'model__max_depth': 16, 'model__max_features': 'auto', 'model__min_samples_leaf': 50, 'model__n_iter_no_change': 10, 'model__subsample': 0.9}",0.0033028793618806365,friedman_mse,0.3,exponential,16,auto,50,10,0.9
0.8433398330447439,0.005416496696046143,"{'model__ccp_alpha': 0.004071745924462149, 'model__criterion': 'squared_error', 'model__learning_rate': 0.01, 'model__loss': 'exponential', 'model__max_depth': 13, 'model__max_features': 'auto', 'model__min_samples_leaf': 25, 'model__n_iter_no_change': 5, 'model__subsample': 1.0}",0.004071745924462149,squared_error,0.01,exponential,13,auto,25,5,1.0
0.8432359070877193,0.004252007170678833,"{'model__ccp_alpha': 0.0012394993400323953, 'model__criterion': 'friedman_mse', 'model__learning_rate': 0.005, 'model__loss': 'log_loss', 'model__max_depth': 9, 'model__max_features': 'log2', 'model__min_samples_leaf': 25, 'model__n_iter_no_change': 25, 'model__subsample': 0.7}",0.0012394993400323953,friedman_mse,0.005,log_loss,9,log2,25,25,0.7
0.8430413015628296,0.005122010954665757,"{'model__ccp_alpha': 0.006980807516241801, 'model__criterion': 'friedman_mse', 'model__learning_rate': 0.01, 'model__loss': 'exponential', 'model__max_depth': 4, 'model__max_features': None, 'model__min_samples_leaf': 10, 'model__n_iter_no_change': 50, 'model__subsample': 0.7}",0.006980807516241801,friedman_mse,0.01,exponential,4,,10,50,0.7
0.8427464220706675,0.005528101270696192,"{'model__ccp_alpha': 0.008206399374583066, 'model__criterion': 'squared_error', 'model__learning_rate': 0.03, 'model__loss': 'exponential', 'model__max_depth': 7, 'model__max_features': None, 'model__min_samples_leaf': 50, 'model__n_iter_no_change': 25, 'model__subsample': 0.7}",0.008206399374583066,squared_error,0.03,exponential,7,,50,25,0.7
0.8426754142792969,0.004957324700797681,"{'model__ccp_alpha': 0.0006091590957884279, 'model__criterion': 'squared_error', 'model__learning_rate': 0.03, 'model__loss': 'deviance', 'model__max_depth': 28, 'model__max_features': None, 'model__min_samples_leaf': 75, 'model__n_iter_no_change': 50, 'model__subsample': 0.7}",0.0006091590957884279,squared_error,0.03,deviance,28,,75,50,0.7
0.842570035265695,0.005786001634700673,"{'model__ccp_alpha': 0.004072207224827349, 'model__criterion': 'squared_error', 'model__learning_rate': 0.3, 'model__loss': 'exponential', 'model__max_depth': 6, 'model__max_features': 'auto', 'model__min_samples_leaf': 75, 'model__n_iter_no_change': 10, 'model__subsample': 0.9}",0.004072207224827349,squared_error,0.3,exponential,6,auto,75,10,0.9
0.8424626537423471,0.005393249085947655,"{'model__ccp_alpha': 0.008535607570016595, 'model__criterion': 'squared_error', 'model__learning_rate': 0.03, 'model__loss': 'exponential', 'model__max_depth': 25, 'model__max_features': None, 'model__min_samples_leaf': 10, 'model__n_iter_no_change': 50, 'model__subsample': 0.6}",0.008535607570016595,squared_error,0.03,exponential,25,,10,50,0.6
0.8422719266661796,0.005455630997870424,"{'model__ccp_alpha': 0.008360935222162368, 'model__criterion': 'friedman_mse', 'model__learning_rate': 0.03, 'model__loss': 'exponential', 'model__max_depth': 20, 'model__max_features': 'auto', 'model__min_samples_leaf': 100, 'model__n_iter_no_change': 15, 'model__subsample': 0.9}",0.008360935222162368,friedman_mse,0.03,exponential,20,auto,100,15,0.9
0.8421728477567146,0.005424627240578175,"{'model__ccp_alpha': 0.00885134946858946, 'model__criterion': 'squared_error', 'model__learning_rate': 0.1, 'model__loss': 'exponential', 'model__max_depth': 12, 'model__max_features': None, 'model__min_samples_leaf': 75, 'model__n_iter_no_change': 50, 'model__subsample': 0.7}",0.00885134946858946,squared_error,0.1,exponential,12,,75,50,0.7
0.8418949711296915,0.005558204422993806,"{'model__ccp_alpha': 0.003822571141178054, 'model__criterion': 'squared_error', 'model__learning_rate': 0.005, 'model__loss': 'exponential', 'model__max_depth': 7, 'model__max_features': 'auto', 'model__min_samples_leaf': 100, 'model__n_iter_no_change': 10, 'model__subsample': 0.6}",0.003822571141178054,squared_error,0.005,exponential,7,auto,100,10,0.6
0.8415504215079113,0.005478124460266785,"{'model__ccp_alpha': 0.009556898494775427, 'model__criterion': 'friedman_mse', 'model__learning_rate': 0.01, 'model__loss': 'exponential', 'model__max_depth': 18, 'model__max_features': None, 'model__min_samples_leaf': 50, 'model__n_iter_no_change': 5, 'model__subsample': 0.8}",0.009556898494775427,friedman_mse,0.01,exponential,18,,50,5,0.8
0.8413948864519698,0.0056920559223121595,"{'model__ccp_alpha': 0.009838702645971056, 'model__criterion': 'friedman_mse', 'model__learning_rate': 0.1, 'model__loss': 'exponential', 'model__max_depth': 28, 'model__max_features': None, 'model__min_samples_leaf': 25, 'model__n_iter_no_change': 10, 'model__subsample': 0.8}",0.009838702645971056,friedman_mse,0.1,exponential,28,,25,10,0.8
0.8413360211643128,0.005945430023820447,"{'model__ccp_alpha': 0.0031762786795695754, 'model__criterion': 'squared_error', 'model__learning_rate': 0.005, 'model__loss': 'exponential', 'model__max_depth': 19, 'model__max_features': None, 'model__min_samples_leaf': 150, 'model__n_iter_no_change': 25, 'model__subsample': 0.9}",0.0031762786795695754,squared_error,0.005,exponential,19,,150,25,0.9
0.8410046859107672,0.005790486598357433,"{'model__ccp_alpha': 0.00507572027246472, 'model__criterion': 'squared_error', 'model__learning_rate': 0.3, 'model__loss': 'exponential', 'model__max_depth': 5, 'model__max_features': None, 'model__min_samples_leaf': 25, 'model__n_iter_no_change': 5, 'model__subsample': 0.6}",0.00507572027246472,squared_error,0.3,exponential,5,,25,5,0.6
0.840362595049586,0.006090689571005073,"{'model__ccp_alpha': 0.009116372109742647, 'model__criterion': 'friedman_mse', 'model__learning_rate': 0.005, 'model__loss': 'exponential', 'model__max_depth': 28, 'model__max_features': 'auto', 'model__min_samples_leaf': 75, 'model__n_iter_no_change': 25, 'model__subsample': 0.6}",0.009116372109742647,friedman_mse,0.005,exponential,28,auto,75,25,0.6
0.8371755830083994,0.004056449142396982,"{'model__ccp_alpha': 0.0006710815711671282, 'model__criterion': 'squared_error', 'model__learning_rate': 0.05, 'model__loss': 'deviance', 'model__max_depth': 29, 'model__max_features': None, 'model__min_samples_leaf': 25, 'model__n_iter_no_change': 50, 'model__subsample': 1.0}",0.0006710815711671282,squared_error,0.05,deviance,29,,25,50,1.0
0.8366182590329071,0.004841621150805672,"{'model__ccp_alpha': 0.0009932623701511267, 'model__criterion': 'squared_error', 'model__learning_rate': 0.05, 'model__loss': 'deviance', 'model__max_depth': 14, 'model__max_features': None, 'model__min_samples_leaf': 75, 'model__n_iter_no_change': 50, 'model__subsample': 0.7}",0.0009932623701511267,squared_error,0.05,deviance,14,,75,50,0.7
0.8358619635098046,0.005120891196836683,"{'model__ccp_alpha': 0.000909296277833789, 'model__criterion': 'squared_error', 'model__learning_rate': 0.03, 'model__loss': 'deviance', 'model__max_depth': 9, 'model__max_features': None, 'model__min_samples_leaf': 150, 'model__n_iter_no_change': 50, 'model__subsample': 1.0}",0.000909296277833789,squared_error,0.03,deviance,9,,150,50,1.0
0.8354932075242889,0.005129221452418271,"{'model__ccp_alpha': 0.0010356045285395232, 'model__criterion': 'friedman_mse', 'model__learning_rate': 0.03, 'model__loss': 'deviance', 'model__max_depth': 11, 'model__max_features': 'auto', 'model__min_samples_leaf': 25, 'model__n_iter_no_change': 10, 'model__subsample': 1.0}",0.0010356045285395232,friedman_mse,0.03,deviance,11,auto,25,10,1.0
0.8354078743379088,0.004204582303529482,"{'model__ccp_alpha': 0.0010507005545706528, 'model__criterion': 'friedman_mse', 'model__learning_rate': 0.005, 'model__loss': 'log_loss', 'model__max_depth': 4, 'model__max_features': None, 'model__min_samples_leaf': 75, 'model__n_iter_no_change': 25, 'model__subsample': 0.7}",0.0010507005545706528,friedman_mse,0.005,log_loss,4,,75,25,0.7
0.8352631938016127,0.005108465619466823,"{'model__ccp_alpha': 0.0023096977873410572, 'model__criterion': 'squared_error', 'model__learning_rate': 0.005, 'model__loss': 'deviance', 'model__max_depth': 24, 'model__max_features': 'sqrt', 'model__min_samples_leaf': 25, 'model__n_iter_no_change': 15, 'model__subsample': 0.9}",0.0023096977873410572,squared_error,0.005,deviance,24,sqrt,25,15,0.9
0.834875279965825,0.004834511247845276,"{'model__ccp_alpha': 0.0013777709553212118, 'model__criterion': 'friedman_mse', 'model__learning_rate': 0.03, 'model__loss': 'log_loss', 'model__max_depth': 12, 'model__max_features': 'auto', 'model__min_samples_leaf': 100, 'model__n_iter_no_change': 5, 'model__subsample': 0.6}",0.0013777709553212118,friedman_mse,0.03,log_loss,12,auto,100,5,0.6
0.8346974222062802,0.004624389422055041,"{'model__ccp_alpha': 0.0011696422683460117, 'model__criterion': 'squared_error', 'model__learning_rate': 0.005, 'model__loss': 'log_loss', 'model__max_depth': 24, 'model__max_features': 'auto', 'model__min_samples_leaf': 150, 'model__n_iter_no_change': 15, 'model__subsample': 0.7}",0.0011696422683460117,squared_error,0.005,log_loss,24,auto,150,15,0.7
0.8343246199312757,0.005565792878887063,"{'model__ccp_alpha': 0.0015159534053975701, 'model__criterion': 'squared_error', 'model__learning_rate': 0.01, 'model__loss': 'log_loss', 'model__max_depth': 25, 'model__max_features': None, 'model__min_samples_leaf': 10, 'model__n_iter_no_change': 10, 'model__subsample': 0.6}",0.0015159534053975701,squared_error,0.01,log_loss,25,,10,10,0.6
0.8341127448171072,0.005175067655013664,"{'model__ccp_alpha': 0.0018627909239314316, 'model__criterion': 'friedman_mse', 'model__learning_rate': 0.05, 'model__loss': 'log_loss', 'model__max_depth': 21, 'model__max_features': 'log2', 'model__min_samples_leaf': 50, 'model__n_iter_no_change': 5, 'model__subsample': 0.7}",0.0018627909239314316,friedman_mse,0.05,log_loss,21,log2,50,5,0.7
0.8337224709283382,0.004967501325420143,"{'model__ccp_alpha': 0.001093146917689771, 'model__criterion': 'friedman_mse', 'model__learning_rate': 0.05, 'model__loss': 'deviance', 'model__max_depth': 24, 'model__max_features': None, 'model__min_samples_leaf': 10, 'model__n_iter_no_change': 50, 'model__subsample': 0.9}",0.001093146917689771,friedman_mse,0.05,deviance,24,,10,50,0.9
0.8329751977794226,0.005085505740419255,"{'model__ccp_alpha': 0.0015796647614804281, 'model__criterion': 'friedman_mse', 'model__learning_rate': 0.03, 'model__loss': 'deviance', 'model__max_depth': 22, 'model__max_features': 'auto', 'model__min_samples_leaf': 75, 'model__n_iter_no_change': 50, 'model__subsample': 0.8}",0.0015796647614804281,friedman_mse,0.03,deviance,22,auto,75,50,0.8
0.8328511288980573,0.005937468095928333,"{'model__ccp_alpha': 0.0015475790113456227, 'model__criterion': 'squared_error', 'model__learning_rate': 0.01, 'model__loss': 'log_loss', 'model__max_depth': 7, 'model__max_features': 'auto', 'model__min_samples_leaf': 75, 'model__n_iter_no_change': 25, 'model__subsample': 0.9}",0.0015475790113456227,squared_error,0.01,log_loss,7,auto,75,25,0.9
0.8327257431416133,0.0058385558263069175,"{'model__ccp_alpha': 0.0013150181243497794, 'model__criterion': 'squared_error', 'model__learning_rate': 0.03, 'model__loss': 'log_loss', 'model__max_depth': 8, 'model__max_features': None, 'model__min_samples_leaf': 150, 'model__n_iter_no_change': 5, 'model__subsample': 1.0}",0.0013150181243497794,squared_error,0.03,log_loss,8,,150,5,1.0
0.8307765413121967,0.004239669496467314,"{'model__ccp_alpha': 0.0017736345976400137, 'model__criterion': 'friedman_mse', 'model__learning_rate': 0.05, 'model__loss': 'deviance', 'model__max_depth': 4, 'model__max_features': 'auto', 'model__min_samples_leaf': 50, 'model__n_iter_no_change': 50, 'model__subsample': 0.6}",0.0017736345976400137,friedman_mse,0.05,deviance,4,auto,50,50,0.6
0.82952522558896,0.005113682146395054,"{'model__ccp_alpha': 0.0019421328431066453, 'model__criterion': 'squared_error', 'model__learning_rate': 0.03, 'model__loss': 'deviance', 'model__max_depth': 3, 'model__max_features': None, 'model__min_samples_leaf': 100, 'model__n_iter_no_change': 15, 'model__subsample': 0.7}",0.0019421328431066453,squared_error,0.03,deviance,3,,100,15,0.7
0.8261235118577673,0.006082851474455755,"{'model__ccp_alpha': 0.0029537342565094217, 'model__criterion': 'squared_error', 'model__learning_rate': 0.005, 'model__loss': 'log_loss', 'model__max_depth': 29, 'model__max_features': 'log2', 'model__min_samples_leaf': 10, 'model__n_iter_no_change': 25, 'model__subsample': 1.0}",0.0029537342565094217,squared_error,0.005,log_loss,29,log2,10,25,1.0
0.8253179759535285,0.003679767449520472,"{'model__ccp_alpha': 0.0025384885848280143, 'model__criterion': 'squared_error', 'model__learning_rate': 0.03, 'model__loss': 'deviance', 'model__max_depth': 13, 'model__max_features': 'log2', 'model__min_samples_leaf': 75, 'model__n_iter_no_change': 10, 'model__subsample': 1.0}",0.0025384885848280143,squared_error,0.03,deviance,13,log2,75,10,1.0
0.8250330821513208,0.00543719562554595,"{'model__ccp_alpha': 0.0023789060677888198, 'model__criterion': 'friedman_mse', 'model__learning_rate': 0.01, 'model__loss': 'log_loss', 'model__max_depth': 18, 'model__max_features': None, 'model__min_samples_leaf': 75, 'model__n_iter_no_change': 15, 'model__subsample': 0.7}",0.0023789060677888198,friedman_mse,0.01,log_loss,18,,75,15,0.7
0.8213766745040794,0.009155452897376041,"{'model__ccp_alpha': 0.002757461749644406, 'model__criterion': 'squared_error', 'model__learning_rate': 0.05, 'model__loss': 'deviance', 'model__max_depth': 25, 'model__max_features': 'sqrt', 'model__min_samples_leaf': 75, 'model__n_iter_no_change': 25, 'model__subsample': 0.8}",0.002757461749644406,squared_error,0.05,deviance,25,sqrt,75,25,0.8
0.8196277970690075,0.009428882356431908,"{'model__ccp_alpha': 0.0037470613437631754, 'model__criterion': 'friedman_mse', 'model__learning_rate': 0.005, 'model__loss': 'log_loss', 'model__max_depth': 17, 'model__max_features': 'sqrt', 'model__min_samples_leaf': 100, 'model__n_iter_no_change': 10, 'model__subsample': 0.6}",0.0037470613437631754,friedman_mse,0.005,log_loss,17,sqrt,100,10,0.6
0.8179527569859448,0.007452932250058604,"{'model__ccp_alpha': 0.002435370666189154, 'model__criterion': 'squared_error', 'model__learning_rate': 0.03, 'model__loss': 'log_loss', 'model__max_depth': 19, 'model__max_features': 'auto', 'model__min_samples_leaf': 75, 'model__n_iter_no_change': 10, 'model__subsample': 1.0}",0.002435370666189154,squared_error,0.03,log_loss,19,auto,75,10,1.0
0.8169112259004055,0.007320592116361466,"{'model__ccp_alpha': 0.003370272069648402, 'model__criterion': 'friedman_mse', 'model__learning_rate': 0.03, 'model__loss': 'log_loss', 'model__max_depth': 21, 'model__max_features': 'log2', 'model__min_samples_leaf': 25, 'model__n_iter_no_change': 15, 'model__subsample': 0.8}",0.003370272069648402,friedman_mse,0.03,log_loss,21,log2,25,15,0.8
0.8151244993208355,0.008297263436016781,"{'model__ccp_alpha': 0.003244674726816964, 'model__criterion': 'squared_error', 'model__learning_rate': 0.03, 'model__loss': 'deviance', 'model__max_depth': 7, 'model__max_features': 'sqrt', 'model__min_samples_leaf': 100, 'model__n_iter_no_change': 15, 'model__subsample': 0.7}",0.003244674726816964,squared_error,0.03,deviance,7,sqrt,100,15,0.7
0.8146212698750469,0.009048892704566535,"{'model__ccp_alpha': 0.0034369431623606545, 'model__criterion': 'squared_error', 'model__learning_rate': 0.03, 'model__loss': 'deviance', 'model__max_depth': 17, 'model__max_features': 'sqrt', 'model__min_samples_leaf': 75, 'model__n_iter_no_change': 5, 'model__subsample': 0.7}",0.0034369431623606545,squared_error,0.03,deviance,17,sqrt,75,5,0.7
0.8088158829766037,0.012459484362632002,"{'model__ccp_alpha': 0.0028902983743910584, 'model__criterion': 'squared_error', 'model__learning_rate': 0.005, 'model__loss': 'log_loss', 'model__max_depth': 20, 'model__max_features': 'auto', 'model__min_samples_leaf': 50, 'model__n_iter_no_change': 50, 'model__subsample': 0.7}",0.0028902983743910584,squared_error,0.005,log_loss,20,auto,50,50,0.7
0.7940221606171032,0.008298184192241223,"{'model__ccp_alpha': 0.002372954012989116, 'model__criterion': 'friedman_mse', 'model__learning_rate': 0.3, 'model__loss': 'deviance', 'model__max_depth': 11, 'model__max_features': 'auto', 'model__min_samples_leaf': 75, 'model__n_iter_no_change': 50, 'model__subsample': 0.6}",0.002372954012989116,friedman_mse,0.3,deviance,11,auto,75,50,0.6
0.777952181296502,0.018825900179482283,"{'model__ccp_alpha': 0.002438506203328104, 'model__criterion': 'squared_error', 'model__learning_rate': 0.3, 'model__loss': 'deviance', 'model__max_depth': 22, 'model__max_features': 'log2', 'model__min_samples_leaf': 25, 'model__n_iter_no_change': 50, 'model__subsample': 0.7}",0.002438506203328104,squared_error,0.3,deviance,22,log2,25,50,0.7
0.7076524113872569,0.008387790961353473,"{'model__ccp_alpha': 0.004580116557454318, 'model__criterion': 'squared_error', 'model__learning_rate': 0.03, 'model__loss': 'deviance', 'model__max_depth': 14, 'model__max_features': 'log2', 'model__min_samples_leaf': 75, 'model__n_iter_no_change': 25, 'model__subsample': 0.6}",0.004580116557454318,squared_error,0.03,deviance,14,log2,75,25,0.6
0.6559201594880048,0.006815634345866463,"{'model__ccp_alpha': 0.005222226961020195, 'model__criterion': 'squared_error', 'model__learning_rate': 0.03, 'model__loss': 'deviance', 'model__max_depth': 6, 'model__max_features': 'sqrt', 'model__min_samples_leaf': 50, 'model__n_iter_no_change': 15, 'model__subsample': 1.0}",0.005222226961020195,squared_error,0.03,deviance,6,sqrt,50,15,1.0
0.6559201594880048,0.006815634345866463,"{'model__ccp_alpha': 0.005249140743460192, 'model__criterion': 'squared_error', 'model__learning_rate': 0.2, 'model__loss': 'log_loss', 'model__max_depth': 16, 'model__max_features': 'sqrt', 'model__min_samples_leaf': 10, 'model__n_iter_no_change': 15, 'model__subsample': 0.7}",0.005249140743460192,squared_error,0.2,log_loss,16,sqrt,10,15,0.7
0.6559201594880048,0.006815634345866463,"{'model__ccp_alpha': 0.006382394864457326, 'model__criterion': 'squared_error', 'model__learning_rate': 0.03, 'model__loss': 'log_loss', 'model__max_depth': 7, 'model__max_features': None, 'model__min_samples_leaf': 75, 'model__n_iter_no_change': 25, 'model__subsample': 0.7}",0.006382394864457326,squared_error,0.03,log_loss,7,,75,25,0.7
0.6559201594880048,0.006815634345866463,"{'model__ccp_alpha': 0.005809383848991018, 'model__criterion': 'friedman_mse', 'model__learning_rate': 0.05, 'model__loss': 'log_loss', 'model__max_depth': 21, 'model__max_features': 'sqrt', 'model__min_samples_leaf': 75, 'model__n_iter_no_change': 15, 'model__subsample': 0.8}",0.005809383848991018,friedman_mse,0.05,log_loss,21,sqrt,75,15,0.8
0.6559201594880048,0.006815634345866463,"{'model__ccp_alpha': 0.004471555639942572, 'model__criterion': 'squared_error', 'model__learning_rate': 0.1, 'model__loss': 'log_loss', 'model__max_depth': 3, 'model__max_features': None, 'model__min_samples_leaf': 150, 'model__n_iter_no_change': 25, 'model__subsample': 1.0}",0.004471555639942572,squared_error,0.1,log_loss,3,,150,25,1.0
0.6559201594880048,0.006815634345866463,"{'model__ccp_alpha': 0.0046156293437072575, 'model__criterion': 'squared_error', 'model__learning_rate': 0.005, 'model__loss': 'log_loss', 'model__max_depth': 20, 'model__max_features': None, 'model__min_samples_leaf': 25, 'model__n_iter_no_change': 25, 'model__subsample': 0.7}",0.0046156293437072575,squared_error,0.005,log_loss,20,,25,25,0.7
0.6559201594880048,0.006815634345866463,"{'model__ccp_alpha': 0.00561584097701274, 'model__criterion': 'squared_error', 'model__learning_rate': 0.03, 'model__loss': 'deviance', 'model__max_depth': 29, 'model__max_features': 'log2', 'model__min_samples_leaf': 10, 'model__n_iter_no_change': 25, 'model__subsample': 0.7}",0.00561584097701274,squared_error,0.03,deviance,29,log2,10,25,0.7
0.6559201594880048,0.006815634345866463,"{'model__ccp_alpha': 0.004882588779048241, 'model__criterion': 'squared_error', 'model__learning_rate': 0.03, 'model__loss': 'log_loss', 'model__max_depth': 5, 'model__max_features': 'auto', 'model__min_samples_leaf': 75, 'model__n_iter_no_change': 25, 'model__subsample': 0.7}",0.004882588779048241,squared_error,0.03,log_loss,5,auto,75,25,0.7
0.6559201594880048,0.006815634345866463,"{'model__ccp_alpha': 0.006174663118126396, 'model__criterion': 'friedman_mse', 'model__learning_rate': 0.01, 'model__loss': 'deviance', 'model__max_depth': 3, 'model__max_features': 'sqrt', 'model__min_samples_leaf': 75, 'model__n_iter_no_change': 25, 'model__subsample': 0.8}",0.006174663118126396,friedman_mse,0.01,deviance,3,sqrt,75,25,0.8
0.6225387745936228,0.06140206380945472,"{'model__ccp_alpha': 0.007371495623958052, 'model__criterion': 'squared_error', 'model__learning_rate': 0.03, 'model__loss': 'log_loss', 'model__max_depth': 28, 'model__max_features': None, 'model__min_samples_leaf': 100, 'model__n_iter_no_change': 25, 'model__subsample': 0.9}",0.007371495623958052,squared_error,0.03,log_loss,28,,100,25,0.9
0.6225387745936228,0.06140206380945472,"{'model__ccp_alpha': 0.007014309025544474, 'model__criterion': 'squared_error', 'model__learning_rate': 0.3, 'model__loss': 'log_loss', 'model__max_depth': 3, 'model__max_features': 'sqrt', 'model__min_samples_leaf': 10, 'model__n_iter_no_change': 5, 'model__subsample': 0.7}",0.007014309025544474,squared_error,0.3,log_loss,3,sqrt,10,5,0.7
0.6225387745936228,0.06140206380945472,"{'model__ccp_alpha': 0.007414907401919861, 'model__criterion': 'squared_error', 'model__learning_rate': 0.01, 'model__loss': 'deviance', 'model__max_depth': 10, 'model__max_features': 'log2', 'model__min_samples_leaf': 150, 'model__n_iter_no_change': 50, 'model__subsample': 0.8}",0.007414907401919861,squared_error,0.01,deviance,10,log2,150,50,0.8
0.5906464391766472,0.07405121532977729,"{'model__ccp_alpha': 0.007399824835804602, 'model__criterion': 'squared_error', 'model__learning_rate': 0.01, 'model__loss': 'deviance', 'model__max_depth': 17, 'model__max_features': 'log2', 'model__min_samples_leaf': 75, 'model__n_iter_no_change': 25, 'model__subsample': 0.9}",0.007399824835804602,squared_error,0.01,deviance,17,log2,75,25,0.9
0.5,0.0,"{'model__ccp_alpha': 0.009053838268025393, 'model__criterion': 'squared_error', 'model__learning_rate': 0.01, 'model__loss': 'log_loss', 'model__max_depth': 8, 'model__max_features': 'log2', 'model__min_samples_leaf': 150, 'model__n_iter_no_change': 25, 'model__subsample': 0.7}",0.009053838268025393,squared_error,0.01,log_loss,8,log2,150,25,0.7
0.5,0.0,"{'model__ccp_alpha': 0.00796829365962392, 'model__criterion': 'friedman_mse', 'model__learning_rate': 0.03, 'model__loss': 'deviance', 'model__max_depth': 24, 'model__max_features': 'sqrt', 'model__min_samples_leaf': 25, 'model__n_iter_no_change': 15, 'model__subsample': 1.0}",0.00796829365962392,friedman_mse,0.03,deviance,24,sqrt,25,15,1.0
0.5,0.0,"{'model__ccp_alpha': 0.00881557281830534, 'model__criterion': 'friedman_mse', 'model__learning_rate': 0.03, 'model__loss': 'log_loss', 'model__max_depth': 7, 'model__max_features': 'sqrt', 'model__min_samples_leaf': 100, 'model__n_iter_no_change': 15, 'model__subsample': 0.6}",0.00881557281830534,friedman_mse,0.03,log_loss,7,sqrt,100,15,0.6
0.5,0.0,"{'model__ccp_alpha': 0.00929645366919475, 'model__criterion': 'friedman_mse', 'model__learning_rate': 0.2, 'model__loss': 'log_loss', 'model__max_depth': 7, 'model__max_features': 'log2', 'model__min_samples_leaf': 25, 'model__n_iter_no_change': 15, 'model__subsample': 0.9}",0.00929645366919475,friedman_mse,0.2,log_loss,7,log2,25,15,0.9
0.5,0.0,"{'model__ccp_alpha': 0.007821600535669769, 'model__criterion': 'squared_error', 'model__learning_rate': 0.01, 'model__loss': 'log_loss', 'model__max_depth': 6, 'model__max_features': None, 'model__min_samples_leaf': 10, 'model__n_iter_no_change': 5, 'model__subsample': 1.0}",0.007821600535669769,squared_error,0.01,log_loss,6,,10,5,1.0
0.5,0.0,"{'model__ccp_alpha': 0.009828094355608632, 'model__criterion': 'friedman_mse', 'model__learning_rate': 0.05, 'model__loss': 'deviance', 'model__max_depth': 19, 'model__max_features': 'sqrt', 'model__min_samples_leaf': 150, 'model__n_iter_no_change': 15, 'model__subsample': 1.0}",0.009828094355608632,friedman_mse,0.05,deviance,19,sqrt,150,15,1.0
0.5,0.0,"{'model__ccp_alpha': 0.008749980645140158, 'model__criterion': 'friedman_mse', 'model__learning_rate': 0.1, 'model__loss': 'log_loss', 'model__max_depth': 18, 'model__max_features': 'log2', 'model__min_samples_leaf': 100, 'model__n_iter_no_change': 15, 'model__subsample': 0.8}",0.008749980645140158,friedman_mse,0.1,log_loss,18,log2,100,15,0.8
0.5,0.0,"{'model__ccp_alpha': 0.009925692392628428, 'model__criterion': 'squared_error', 'model__learning_rate': 0.3, 'model__loss': 'deviance', 'model__max_depth': 5, 'model__max_features': None, 'model__min_samples_leaf': 150, 'model__n_iter_no_change': 15, 'model__subsample': 0.6}",0.009925692392628428,squared_error,0.3,deviance,5,,150,15,0.6
0.5,0.0,"{'model__ccp_alpha': 0.007969061960034808, 'model__criterion': 'squared_error', 'model__learning_rate': 0.005, 'model__loss': 'log_loss', 'model__max_depth': 27, 'model__max_features': None, 'model__min_samples_leaf': 25, 'model__n_iter_no_change': 50, 'model__subsample': 1.0}",0.007969061960034808,squared_error,0.005,log_loss,27,,25,50,1.0
