roc_auc,std,params,model__booster,model__gamma,model__grow_policy,model__learning_rate,model__max_delta_step,model__max_depth,model__reg_alpha,model__reg_lambda,model__subsample
0.8635841296049218,0.0034876560894215995,"{'model__booster': 'dart', 'model__gamma': 5.4040902304331535, 'model__grow_policy': 'lossguide', 'model__learning_rate': 0.3, 'model__max_delta_step': 9.478560098894954, 'model__max_depth': 10, 'model__reg_alpha': 7.2755582245938335, 'model__reg_lambda': 18.261174987340343, 'model__subsample': 0.8}",dart,5.4040902304331535,lossguide,0.3,9.478560098894954,10,7.2755582245938335,18.261174987340343,0.8
0.8635305106574565,0.0036169157144387114,"{'model__booster': 'dart', 'model__gamma': 1.554556416556614, 'model__grow_policy': 'lossguide', 'model__learning_rate': 0.3, 'model__max_delta_step': 9.861436555110894, 'model__max_depth': 7, 'model__reg_alpha': 11.09044242198435, 'model__reg_lambda': 67.03955509011377, 'model__subsample': 1.0}",dart,1.554556416556614,lossguide,0.3,9.861436555110894,7,11.09044242198435,67.03955509011377,1.0
0.8633119832478918,0.0039420267189242,"{'model__booster': 'dart', 'model__gamma': 3.44882948531089, 'model__grow_policy': 'lossguide', 'model__learning_rate': 0.3, 'model__max_delta_step': 9.153173363906433, 'model__max_depth': 13, 'model__reg_alpha': 6.483674116055468, 'model__reg_lambda': 34.399026017469986, 'model__subsample': 0.8}",dart,3.44882948531089,lossguide,0.3,9.153173363906433,13,6.483674116055468,34.399026017469986,0.8
0.8633020183156802,0.003810071715204392,"{'model__booster': 'dart', 'model__gamma': 3.686985729645262, 'model__grow_policy': 'lossguide', 'model__learning_rate': 0.2, 'model__max_delta_step': 8.307624396985991, 'model__max_depth': 10, 'model__reg_alpha': 4.9821456773767245, 'model__reg_lambda': 13.306722071637193, 'model__subsample': 0.8}",dart,3.686985729645262,lossguide,0.2,8.307624396985991,10,4.9821456773767245,13.306722071637193,0.8
0.8632527712205164,0.0035647533562312237,"{'model__booster': 'dart', 'model__gamma': 4.462475229883123, 'model__grow_policy': 'lossguide', 'model__learning_rate': 0.3, 'model__max_delta_step': 8.318029745950643, 'model__max_depth': 6, 'model__reg_alpha': 17.038500907303376, 'model__reg_lambda': 71.14392716362948, 'model__subsample': 0.6}",dart,4.462475229883123,lossguide,0.3,8.318029745950643,6,17.038500907303376,71.14392716362948,0.6
0.8632034683166087,0.0040015419731573776,"{'model__booster': 'dart', 'model__gamma': 3.4149492026041974, 'model__grow_policy': 'lossguide', 'model__learning_rate': 0.3, 'model__max_delta_step': 9.30206287775012, 'model__max_depth': 11, 'model__reg_alpha': 2.472979652089421, 'model__reg_lambda': 49.22767944035911, 'model__subsample': 0.8}",dart,3.4149492026041974,lossguide,0.3,9.30206287775012,11,2.472979652089421,49.22767944035911,0.8
0.8630907261428715,0.0034811332875369304,"{'model__booster': 'dart', 'model__gamma': 0.15631371975431474, 'model__grow_policy': 'lossguide', 'model__learning_rate': 0.3, 'model__max_delta_step': 9.06431453250554, 'model__max_depth': 6, 'model__reg_alpha': 22.236031993263534, 'model__reg_lambda': 36.59057468455093, 'model__subsample': 1.0}",dart,0.15631371975431474,lossguide,0.3,9.06431453250554,6,22.236031993263534,36.59057468455093,1.0
0.8630512817203584,0.0035296916954675613,"{'model__booster': 'dart', 'model__gamma': 0.010158442359464726, 'model__grow_policy': 'lossguide', 'model__learning_rate': 0.3, 'model__max_delta_step': 9.077190605549845, 'model__max_depth': 6, 'model__reg_alpha': 31.002691695756006, 'model__reg_lambda': 43.57963063232602, 'model__subsample': 1.0}",dart,0.010158442359464726,lossguide,0.3,9.077190605549845,6,31.002691695756006,43.57963063232602,1.0
0.8630464290894724,0.003541798619743614,"{'model__booster': 'dart', 'model__gamma': 2.221114345665074, 'model__grow_policy': 'lossguide', 'model__learning_rate': 0.3, 'model__max_delta_step': 9.580296741194722, 'model__max_depth': 7, 'model__reg_alpha': 10.60824190302024, 'model__reg_lambda': 67.6754038028014, 'model__subsample': 1.0}",dart,2.221114345665074,lossguide,0.3,9.580296741194722,7,10.60824190302024,67.6754038028014,1.0
0.8629180323772315,0.0036751353079721373,"{'model__booster': 'dart', 'model__gamma': 2.6536927733602114, 'model__grow_policy': 'lossguide', 'model__learning_rate': 0.3, 'model__max_delta_step': 9.667517823448472, 'model__max_depth': 7, 'model__reg_alpha': 24.9909911171739, 'model__reg_lambda': 67.32942510450849, 'model__subsample': 1.0}",dart,2.6536927733602114,lossguide,0.3,9.667517823448472,7,24.9909911171739,67.32942510450849,1.0
0.8628383389249665,0.0033409348234614404,"{'model__booster': 'dart', 'model__gamma': 7.559146444662318, 'model__grow_policy': 'lossguide', 'model__learning_rate': 0.3, 'model__max_delta_step': 7.268804508865054, 'model__max_depth': 9, 'model__reg_alpha': 8.657159787829055, 'model__reg_lambda': 38.64329079088601, 'model__subsample': 1.0}",dart,7.559146444662318,lossguide,0.3,7.268804508865054,9,8.657159787829055,38.64329079088601,1.0
0.8628071347416235,0.0035312240235388925,"{'model__booster': 'dart', 'model__gamma': 5.148875625046685, 'model__grow_policy': 'lossguide', 'model__learning_rate': 0.3, 'model__max_delta_step': 3.50987876811032, 'model__max_depth': 26, 'model__reg_alpha': 17.052607122898443, 'model__reg_lambda': 84.68409153387745, 'model__subsample': 0.6}",dart,5.148875625046685,lossguide,0.3,3.50987876811032,26,17.052607122898443,84.68409153387745,0.6
0.8626935341947091,0.003499401315234955,"{'model__booster': 'dart', 'model__gamma': 6.452392929673201, 'model__grow_policy': 'lossguide', 'model__learning_rate': 0.2, 'model__max_delta_step': 6.483431967121296, 'model__max_depth': 10, 'model__reg_alpha': 6.960517188994887, 'model__reg_lambda': 18.798625892129863, 'model__subsample': 0.8}",dart,6.452392929673201,lossguide,0.2,6.483431967121296,10,6.960517188994887,18.798625892129863,0.8
0.862642176846369,0.00361874768479917,"{'model__booster': 'dart', 'model__gamma': 7.387872898063614, 'model__grow_policy': 'lossguide', 'model__learning_rate': 0.3, 'model__max_delta_step': 9.613827462597095, 'model__max_depth': 14, 'model__reg_alpha': 13.568414182331558, 'model__reg_lambda': 40.429183322932644, 'model__subsample': 1.0}",dart,7.387872898063614,lossguide,0.3,9.613827462597095,14,13.568414182331558,40.429183322932644,1.0
0.8626271928017608,0.0035074582425321647,"{'model__booster': 'dart', 'model__gamma': 4.799941722253509, 'model__grow_policy': 'lossguide', 'model__learning_rate': 0.3, 'model__max_delta_step': 4.159742530469854, 'model__max_depth': 18, 'model__reg_alpha': 34.370586078130145, 'model__reg_lambda': 62.3969442054158, 'model__subsample': 0.9}",dart,4.799941722253509,lossguide,0.3,4.159742530469854,18,34.370586078130145,62.3969442054158,0.9
0.8624843063553902,0.004176632519955039,"{'model__booster': 'dart', 'model__gamma': 2.823689020646866, 'model__grow_policy': 'lossguide', 'model__learning_rate': 0.2, 'model__max_delta_step': 7.667646137201252, 'model__max_depth': 10, 'model__reg_alpha': 4.580886630448685, 'model__reg_lambda': 5.270253112689339, 'model__subsample': 0.8}",dart,2.823689020646866,lossguide,0.2,7.667646137201252,10,4.580886630448685,5.270253112689339,0.8
0.8624443214105618,0.0032664426399924462,"{'model__booster': 'dart', 'model__gamma': 4.998562968673854, 'model__grow_policy': 'lossguide', 'model__learning_rate': 0.3, 'model__max_delta_step': 3.4684399896391036, 'model__max_depth': 26, 'model__reg_alpha': 32.74262756553246, 'model__reg_lambda': 62.70371407761846, 'model__subsample': 0.8}",dart,4.998562968673854,lossguide,0.3,3.4684399896391036,26,32.74262756553246,62.70371407761846,0.8
0.8622554981407783,0.003758777744951584,"{'model__booster': 'dart', 'model__gamma': 11.023834150474391, 'model__grow_policy': 'lossguide', 'model__learning_rate': 0.3, 'model__max_delta_step': 9.978158500119843, 'model__max_depth': 13, 'model__reg_alpha': 5.889711084598826, 'model__reg_lambda': 47.86967967121545, 'model__subsample': 0.8}",dart,11.023834150474391,lossguide,0.3,9.978158500119843,13,5.889711084598826,47.86967967121545,0.8
0.8622512881867415,0.0035624356395715932,"{'model__booster': 'dart', 'model__gamma': 8.666196253982342, 'model__grow_policy': 'lossguide', 'model__learning_rate': 0.3, 'model__max_delta_step': 8.168467074862718, 'model__max_depth': 27, 'model__reg_alpha': 21.504063765973427, 'model__reg_lambda': 51.64117341272825, 'model__subsample': 0.8}",dart,8.666196253982342,lossguide,0.3,8.168467074862718,27,21.504063765973427,51.64117341272825,0.8
0.862238447383709,0.003777603384279,"{'model__booster': 'gbtree', 'model__gamma': 8.278174775950061, 'model__grow_policy': 'lossguide', 'model__learning_rate': 0.2, 'model__max_delta_step': 9.673870276670666, 'model__max_depth': 10, 'model__reg_alpha': 5.925683836641944, 'model__reg_lambda': 16.99783809480931, 'model__subsample': 0.8}",gbtree,8.278174775950061,lossguide,0.2,9.673870276670666,10,5.925683836641944,16.99783809480931,0.8
0.8622291959144389,0.003453751184322778,"{'model__booster': 'dart', 'model__gamma': 7.3689807972953965, 'model__grow_policy': 'lossguide', 'model__learning_rate': 0.3, 'model__max_delta_step': 9.255185010490909, 'model__max_depth': 7, 'model__reg_alpha': 11.109153684874777, 'model__reg_lambda': 55.07004203187689, 'model__subsample': 1.0}",dart,7.3689807972953965,lossguide,0.3,9.255185010490909,7,11.109153684874777,55.07004203187689,1.0
0.8620417657092752,0.0037735167027325676,"{'model__booster': 'dart', 'model__gamma': 15.147585526922047, 'model__grow_policy': 'lossguide', 'model__learning_rate': 0.3, 'model__max_delta_step': 9.181109494460063, 'model__max_depth': 28, 'model__reg_alpha': 5.247403414193519, 'model__reg_lambda': 32.818301237277026, 'model__subsample': 0.8}",dart,15.147585526922047,lossguide,0.3,9.181109494460063,28,5.247403414193519,32.818301237277026,0.8
0.8619982089321736,0.0035992958176780778,"{'model__booster': 'dart', 'model__gamma': 5.752728846558844, 'model__grow_policy': 'lossguide', 'model__learning_rate': 0.2, 'model__max_delta_step': 6.8678123955763, 'model__max_depth': 10, 'model__reg_alpha': 10.783963116505454, 'model__reg_lambda': 31.558072053488264, 'model__subsample': 0.8}",dart,5.752728846558844,lossguide,0.2,6.8678123955763,10,10.783963116505454,31.558072053488264,0.8
0.8619278059814139,0.0038469619233063926,"{'model__booster': 'dart', 'model__gamma': 10.539004266083367, 'model__grow_policy': 'lossguide', 'model__learning_rate': 0.3, 'model__max_delta_step': 8.95322768460379, 'model__max_depth': 7, 'model__reg_alpha': 14.738302664478107, 'model__reg_lambda': 65.67488292040049, 'model__subsample': 1.0}",dart,10.539004266083367,lossguide,0.3,8.95322768460379,7,14.738302664478107,65.67488292040049,1.0
0.8619166650420457,0.0035714563373582583,"{'model__booster': 'dart', 'model__gamma': 1.6544693278091755, 'model__grow_policy': 'depthwise', 'model__learning_rate': 0.3, 'model__max_delta_step': 3.726258969775822, 'model__max_depth': 19, 'model__reg_alpha': 48.96402349431627, 'model__reg_lambda': 96.94654017184783, 'model__subsample': 0.6}",dart,1.6544693278091755,depthwise,0.3,3.726258969775822,19,48.96402349431627,96.94654017184783,0.6
0.8618807772353078,0.003443394814505668,"{'model__booster': 'dart', 'model__gamma': 12.357077932851308, 'model__grow_policy': 'lossguide', 'model__learning_rate': 0.3, 'model__max_delta_step': 9.109926255094768, 'model__max_depth': 13, 'model__reg_alpha': 18.578450976439672, 'model__reg_lambda': 22.740550706085088, 'model__subsample': 0.8}",dart,12.357077932851308,lossguide,0.3,9.109926255094768,13,18.578450976439672,22.740550706085088,0.8
0.8618736841625096,0.0038866838197393265,"{'model__booster': 'dart', 'model__gamma': 13.342329896510151, 'model__grow_policy': 'lossguide', 'model__learning_rate': 0.3, 'model__max_delta_step': 4.438477250389866, 'model__max_depth': 18, 'model__reg_alpha': 16.015134542550427, 'model__reg_lambda': 35.105032997597334, 'model__subsample': 0.8}",dart,13.342329896510151,lossguide,0.3,4.438477250389866,18,16.015134542550427,35.105032997597334,0.8
0.8617862960913797,0.0037220742295064322,"{'model__booster': 'dart', 'model__gamma': 0.9184532525515947, 'model__grow_policy': 'depthwise', 'model__learning_rate': 0.3, 'model__max_delta_step': 1.10009324869846, 'model__max_depth': 20, 'model__reg_alpha': 44.122732934512754, 'model__reg_lambda': 84.75281977744947, 'model__subsample': 0.6}",dart,0.9184532525515947,depthwise,0.3,1.10009324869846,20,44.122732934512754,84.75281977744947,0.6
0.8617853294640483,0.00389687419203127,"{'model__booster': 'dart', 'model__gamma': 1.698670573251734, 'model__grow_policy': 'depthwise', 'model__learning_rate': 0.3, 'model__max_delta_step': 1.0386855666908337, 'model__max_depth': 20, 'model__reg_alpha': 43.66026190937572, 'model__reg_lambda': 84.203836456764, 'model__subsample': 0.6}",dart,1.698670573251734,depthwise,0.3,1.0386855666908337,20,43.66026190937572,84.203836456764,0.6
0.8617107032921061,0.003229454633095949,"{'model__booster': 'dart', 'model__gamma': 13.355793421481305, 'model__grow_policy': 'lossguide', 'model__learning_rate': 0.3, 'model__max_delta_step': 9.719497610257628, 'model__max_depth': 7, 'model__reg_alpha': 7.824890521475827, 'model__reg_lambda': 76.61885763012565, 'model__subsample': 1.0}",dart,13.355793421481305,lossguide,0.3,9.719497610257628,7,7.824890521475827,76.61885763012565,1.0
0.8615529890591966,0.003264710456001746,"{'model__booster': 'gbtree', 'model__gamma': 2.8329028171398534, 'model__grow_policy': 'lossguide', 'model__learning_rate': 0.3, 'model__max_delta_step': 8.53253806988626, 'model__max_depth': 11, 'model__reg_alpha': 2.765749936066602, 'model__reg_lambda': 18.019266333817384, 'model__subsample': 0.8}",gbtree,2.8329028171398534,lossguide,0.3,8.53253806988626,11,2.765749936066602,18.019266333817384,0.8
0.8614481467062326,0.0035764534496737013,"{'model__booster': 'dart', 'model__gamma': 13.23386639467788, 'model__grow_policy': 'depthwise', 'model__learning_rate': 0.3, 'model__max_delta_step': 2.3590225205942854, 'model__max_depth': 12, 'model__reg_alpha': 35.45521308000291, 'model__reg_lambda': 12.622693532356436, 'model__subsample': 0.9}",dart,13.23386639467788,depthwise,0.3,2.3590225205942854,12,35.45521308000291,12.622693532356436,0.9
0.8614038093777324,0.003623277358669318,"{'model__booster': 'dart', 'model__gamma': 16.61189293428242, 'model__grow_policy': 'lossguide', 'model__learning_rate': 0.3, 'model__max_delta_step': 9.938425394155884, 'model__max_depth': 7, 'model__reg_alpha': 2.954077895324586, 'model__reg_lambda': 70.63587259878433, 'model__subsample': 1.0}",dart,16.61189293428242,lossguide,0.3,9.938425394155884,7,2.954077895324586,70.63587259878433,1.0
0.861333936480434,0.0038487335616237874,"{'model__booster': 'dart', 'model__gamma': 15.736087049219922, 'model__grow_policy': 'lossguide', 'model__learning_rate': 0.3, 'model__max_delta_step': 8.375615363678666, 'model__max_depth': 6, 'model__reg_alpha': 7.887174087949525, 'model__reg_lambda': 64.87871552762579, 'model__subsample': 0.9}",dart,15.736087049219922,lossguide,0.3,8.375615363678666,6,7.887174087949525,64.87871552762579,0.9
0.8612880329391134,0.00349439129654475,"{'model__booster': 'dart', 'model__gamma': 0.031048150986295653, 'model__grow_policy': 'depthwise', 'model__learning_rate': 0.3, 'model__max_delta_step': 2.7576487317962295, 'model__max_depth': 23, 'model__reg_alpha': 69.69692607671999, 'model__reg_lambda': 80.06403572555665, 'model__subsample': 0.6}",dart,0.031048150986295653,depthwise,0.3,2.7576487317962295,23,69.69692607671999,80.06403572555665,0.6
0.8611345311936324,0.003530797104300822,"{'model__booster': 'gbtree', 'model__gamma': 1.552936880137283, 'model__grow_policy': 'depthwise', 'model__learning_rate': 0.2, 'model__max_delta_step': 1.8539197655591313, 'model__max_depth': 20, 'model__reg_alpha': 32.68953192120652, 'model__reg_lambda': 86.2845849813075, 'model__subsample': 0.8}",gbtree,1.552936880137283,depthwise,0.2,1.8539197655591313,20,32.68953192120652,86.2845849813075,0.8
0.8609745248373801,0.003697672644558616,"{'model__booster': 'gbtree', 'model__gamma': 0.23261023568004768, 'model__grow_policy': 'depthwise', 'model__learning_rate': 0.2, 'model__max_delta_step': 1.9262291679649537, 'model__max_depth': 20, 'model__reg_alpha': 33.22183419820281, 'model__reg_lambda': 87.0804905417362, 'model__subsample': 0.8}",gbtree,0.23261023568004768,depthwise,0.2,1.9262291679649537,20,33.22183419820281,87.0804905417362,0.8
0.8608965465339822,0.0039586940407507895,"{'model__booster': 'dart', 'model__gamma': 15.965062208549432, 'model__grow_policy': 'lossguide', 'model__learning_rate': 0.2, 'model__max_delta_step': 8.976043464593632, 'model__max_depth': 10, 'model__reg_alpha': 2.461453473958281, 'model__reg_lambda': 14.724683745858364, 'model__subsample': 0.8}",dart,15.965062208549432,lossguide,0.2,8.976043464593632,10,2.461453473958281,14.724683745858364,0.8
0.8608386932570301,0.0034018085095164022,"{'model__booster': 'dart', 'model__gamma': 17.578937819649745, 'model__grow_policy': 'lossguide', 'model__learning_rate': 0.3, 'model__max_delta_step': 6.011071550956312, 'model__max_depth': 18, 'model__reg_alpha': 19.103814113849857, 'model__reg_lambda': 45.494576691424264, 'model__subsample': 0.9}",dart,17.578937819649745,lossguide,0.3,6.011071550956312,18,19.103814113849857,45.494576691424264,0.9
0.8606816384349614,0.003619151112615589,"{'model__booster': 'gbtree', 'model__gamma': 20.875197318318865, 'model__grow_policy': 'lossguide', 'model__learning_rate': 0.3, 'model__max_delta_step': 6.761470110309213, 'model__max_depth': 16, 'model__reg_alpha': 0.12273233454017074, 'model__reg_lambda': 9.970521899814635, 'model__subsample': 0.7}",gbtree,20.875197318318865,lossguide,0.3,6.761470110309213,16,0.12273233454017074,9.970521899814635,0.7
0.8606785523476874,0.003526032837526052,"{'model__booster': 'dart', 'model__gamma': 5.190445307991947, 'model__grow_policy': 'depthwise', 'model__learning_rate': 0.3, 'model__max_delta_step': 1.3510771659627014, 'model__max_depth': 16, 'model__reg_alpha': 65.39947830738848, 'model__reg_lambda': 67.08227402550578, 'model__subsample': 0.6}",dart,5.190445307991947,depthwise,0.3,1.3510771659627014,16,65.39947830738848,67.08227402550578,0.6
0.8606459447339134,0.003705596177263837,"{'model__booster': 'dart', 'model__gamma': 19.126219201262934, 'model__grow_policy': 'lossguide', 'model__learning_rate': 0.3, 'model__max_delta_step': 7.881852286282008, 'model__max_depth': 17, 'model__reg_alpha': 6.120436192255097, 'model__reg_lambda': 49.70769830281246, 'model__subsample': 1.0}",dart,19.126219201262934,lossguide,0.3,7.881852286282008,17,6.120436192255097,49.70769830281246,1.0
0.8606088683759927,0.003268176401480289,"{'model__booster': 'dart', 'model__gamma': 2.611901174412842, 'model__grow_policy': 'depthwise', 'model__learning_rate': 0.3, 'model__max_delta_step': 4.841113980003984, 'model__max_depth': 29, 'model__reg_alpha': 77.75802915056465, 'model__reg_lambda': 97.79336253466312, 'model__subsample': 0.6}",dart,2.611901174412842,depthwise,0.3,4.841113980003984,29,77.75802915056465,97.79336253466312,0.6
0.8605383413486173,0.003297360737023336,"{'model__booster': 'gbtree', 'model__gamma': 14.536212024086499, 'model__grow_policy': 'lossguide', 'model__learning_rate': 0.3, 'model__max_delta_step': 9.474274980074107, 'model__max_depth': 24, 'model__reg_alpha': 76.85617596753235, 'model__reg_lambda': 14.487952356761191, 'model__subsample': 0.8}",gbtree,14.536212024086499,lossguide,0.3,9.474274980074107,24,76.85617596753235,14.487952356761191,0.8
0.8605205258888132,0.0035659640627457713,"{'model__booster': 'dart', 'model__gamma': 9.102436916620169, 'model__grow_policy': 'depthwise', 'model__learning_rate': 0.3, 'model__max_delta_step': 4.304575863877657, 'model__max_depth': 21, 'model__reg_alpha': 54.087326005774514, 'model__reg_lambda': 90.91972284958679, 'model__subsample': 0.6}",dart,9.102436916620169,depthwise,0.3,4.304575863877657,21,54.087326005774514,90.91972284958679,0.6
0.8602261128663985,0.003778308433653801,"{'model__booster': 'dart', 'model__gamma': 14.525166696241257, 'model__grow_policy': 'lossguide', 'model__learning_rate': 0.2, 'model__max_delta_step': 9.993189019167023, 'model__max_depth': 4, 'model__reg_alpha': 1.9341109573350668, 'model__reg_lambda': 52.719570350217786, 'model__subsample': 1.0}",dart,14.525166696241257,lossguide,0.2,9.993189019167023,4,1.9341109573350668,52.719570350217786,1.0
0.8601930570026186,0.0039285072531389294,"{'model__booster': 'dart', 'model__gamma': 18.957095456086982, 'model__grow_policy': 'lossguide', 'model__learning_rate': 0.3, 'model__max_delta_step': 9.530114914613817, 'model__max_depth': 22, 'model__reg_alpha': 12.935621645723797, 'model__reg_lambda': 45.56349291127377, 'model__subsample': 0.6}",dart,18.957095456086982,lossguide,0.3,9.530114914613817,22,12.935621645723797,45.56349291127377,0.6
0.8601430288088613,0.003590275149812443,"{'model__booster': 'dart', 'model__gamma': 14.526328413601622, 'model__grow_policy': 'depthwise', 'model__learning_rate': 0.3, 'model__max_delta_step': 5.309091994573091, 'model__max_depth': 17, 'model__reg_alpha': 25.006631911682558, 'model__reg_lambda': 93.76249512896499, 'model__subsample': 0.6}",dart,14.526328413601622,depthwise,0.3,5.309091994573091,17,25.006631911682558,93.76249512896499,0.6
0.8600624851269139,0.0032524987016189677,"{'model__booster': 'dart', 'model__gamma': 5.800983802321399, 'model__grow_policy': 'depthwise', 'model__learning_rate': 0.3, 'model__max_delta_step': 1.3264682148801064, 'model__max_depth': 16, 'model__reg_alpha': 86.66203978690487, 'model__reg_lambda': 69.1244955541703, 'model__subsample': 0.6}",dart,5.800983802321399,depthwise,0.3,1.3264682148801064,16,86.66203978690487,69.1244955541703,0.6
0.8600209032115671,0.0032284124802366317,"{'model__booster': 'dart', 'model__gamma': 16.85686718250766, 'model__grow_policy': 'depthwise', 'model__learning_rate': 0.3, 'model__max_delta_step': 3.0321415167776067, 'model__max_depth': 15, 'model__reg_alpha': 39.92013324593309, 'model__reg_lambda': 83.23745434348918, 'model__subsample': 0.7}",dart,16.85686718250766,depthwise,0.3,3.0321415167776067,15,39.92013324593309,83.23745434348918,0.7
0.8599533167484387,0.0033143945032761872,"{'model__booster': 'dart', 'model__gamma': 13.157336689732746, 'model__grow_policy': 'depthwise', 'model__learning_rate': 0.3, 'model__max_delta_step': 1.679177768081611, 'model__max_depth': 20, 'model__reg_alpha': 41.62583849748473, 'model__reg_lambda': 82.98447400406404, 'model__subsample': 0.6}",dart,13.157336689732746,depthwise,0.3,1.679177768081611,20,41.62583849748473,82.98447400406404,0.6
0.859876332167077,0.0036062420581797817,"{'model__booster': 'dart', 'model__gamma': 20.768839738345363, 'model__grow_policy': 'lossguide', 'model__learning_rate': 0.3, 'model__max_delta_step': 9.766330020708478, 'model__max_depth': 21, 'model__reg_alpha': 0.07493596960019744, 'model__reg_lambda': 16.370783696715677, 'model__subsample': 0.7}",dart,20.768839738345363,lossguide,0.3,9.766330020708478,21,0.07493596960019744,16.370783696715677,0.7
0.8597861870666442,0.004018001265077927,"{'model__booster': 'dart', 'model__gamma': 20.728369184644492, 'model__grow_policy': 'lossguide', 'model__learning_rate': 0.3, 'model__max_delta_step': 3.3192233415222576, 'model__max_depth': 13, 'model__reg_alpha': 16.77955873995741, 'model__reg_lambda': 36.08197385801974, 'model__subsample': 0.7}",dart,20.728369184644492,lossguide,0.3,3.3192233415222576,13,16.77955873995741,36.08197385801974,0.7
0.8597710469455899,0.0033299619687557113,"{'model__booster': 'dart', 'model__gamma': 10.64292935929455, 'model__grow_policy': 'depthwise', 'model__learning_rate': 0.3, 'model__max_delta_step': 1.5716001570259421, 'model__max_depth': 16, 'model__reg_alpha': 65.16054592098742, 'model__reg_lambda': 65.86793861116087, 'model__subsample': 0.6}",dart,10.64292935929455,depthwise,0.3,1.5716001570259421,16,65.16054592098742,65.86793861116087,0.6
0.8596544141601117,0.003560629186099543,"{'model__booster': 'dart', 'model__gamma': 11.105071305922692, 'model__grow_policy': 'depthwise', 'model__learning_rate': 0.3, 'model__max_delta_step': 2.099369302825212, 'model__max_depth': 16, 'model__reg_alpha': 94.44519001688835, 'model__reg_lambda': 64.10983955828566, 'model__subsample': 0.6}",dart,11.105071305922692,depthwise,0.3,2.099369302825212,16,94.44519001688835,64.10983955828566,0.6
0.8591065831980504,0.003487566963691884,"{'model__booster': 'gbtree', 'model__gamma': 14.140291580285655, 'model__grow_policy': 'depthwise', 'model__learning_rate': 0.2, 'model__max_delta_step': 1.8474159356762117, 'model__max_depth': 7, 'model__reg_alpha': 56.75759491132226, 'model__reg_lambda': 84.59082968510279, 'model__subsample': 0.8}",gbtree,14.140291580285655,depthwise,0.2,1.8474159356762117,7,56.75759491132226,84.59082968510279,0.8
0.8586972307708296,0.004063527977905835,"{'model__booster': 'dart', 'model__gamma': 27.738991506327814, 'model__grow_policy': 'lossguide', 'model__learning_rate': 0.2, 'model__max_delta_step': 9.205732784478151, 'model__max_depth': 12, 'model__reg_alpha': 15.760356809021557, 'model__reg_lambda': 23.488775069498097, 'model__subsample': 0.8}",dart,27.738991506327814,lossguide,0.2,9.205732784478151,12,15.760356809021557,23.488775069498097,0.8
0.8586601918256582,0.0031319338248910534,"{'model__booster': 'gbtree', 'model__gamma': 14.78982359162965, 'model__grow_policy': 'depthwise', 'model__learning_rate': 0.2, 'model__max_delta_step': 1.3849956988716592, 'model__max_depth': 23, 'model__reg_alpha': 61.67609892997521, 'model__reg_lambda': 75.50155438479605, 'model__subsample': 0.8}",gbtree,14.78982359162965,depthwise,0.2,1.3849956988716592,23,61.67609892997521,75.50155438479605,0.8
0.8586238260046268,0.0035815010088896585,"{'model__booster': 'gbtree', 'model__gamma': 16.849893461765564, 'model__grow_policy': 'depthwise', 'model__learning_rate': 0.2, 'model__max_delta_step': 1.2943228099858155, 'model__max_depth': 7, 'model__reg_alpha': 62.24426580736849, 'model__reg_lambda': 1.0218450504286172, 'model__subsample': 0.7}",gbtree,16.849893461765564,depthwise,0.2,1.2943228099858155,7,62.24426580736849,1.0218450504286172,0.7
0.8586002254600368,0.0038064181871484888,"{'model__booster': 'gbtree', 'model__gamma': 16.469962047091308, 'model__grow_policy': 'depthwise', 'model__learning_rate': 0.2, 'model__max_delta_step': 1.2875085184923458, 'model__max_depth': 23, 'model__reg_alpha': 60.87884182231785, 'model__reg_lambda': 76.4264787062887, 'model__subsample': 0.7}",gbtree,16.469962047091308,depthwise,0.2,1.2875085184923458,23,60.87884182231785,76.4264787062887,0.7
0.8584617274846211,0.0031904000219059583,"{'model__booster': 'dart', 'model__gamma': 16.07840260195175, 'model__grow_policy': 'depthwise', 'model__learning_rate': 0.3, 'model__max_delta_step': 1.084985747751121, 'model__max_depth': 20, 'model__reg_alpha': 57.441317549851384, 'model__reg_lambda': 78.39684956765883, 'model__subsample': 0.6}",dart,16.07840260195175,depthwise,0.3,1.084985747751121,20,57.441317549851384,78.39684956765883,0.6
0.8583107238116059,0.0036574413432362853,"{'model__booster': 'dart', 'model__gamma': 18.464322512934114, 'model__grow_policy': 'depthwise', 'model__learning_rate': 0.3, 'model__max_delta_step': 5.8549311356051925, 'model__max_depth': 19, 'model__reg_alpha': 58.62228915471808, 'model__reg_lambda': 99.94313676196374, 'model__subsample': 0.6}",dart,18.464322512934114,depthwise,0.3,5.8549311356051925,19,58.62228915471808,99.94313676196374,0.6
0.8583020917489893,0.004265714954500482,"{'model__booster': 'gbtree', 'model__gamma': 32.12725605690274, 'model__grow_policy': 'lossguide', 'model__learning_rate': 0.2, 'model__max_delta_step': 9.962435728837576, 'model__max_depth': 24, 'model__reg_alpha': 9.510773159504767, 'model__reg_lambda': 74.49670564764436, 'model__subsample': 1.0}",gbtree,32.12725605690274,lossguide,0.2,9.962435728837576,24,9.510773159504767,74.49670564764436,1.0
0.8582895549488143,0.003995509540395013,"{'model__booster': 'dart', 'model__gamma': 34.79654252887936, 'model__grow_policy': 'lossguide', 'model__learning_rate': 0.3, 'model__max_delta_step': 4.617829850989889, 'model__max_depth': 9, 'model__reg_alpha': 22.148935021351633, 'model__reg_lambda': 71.70026459963013, 'model__subsample': 1.0}",dart,34.79654252887936,lossguide,0.3,4.617829850989889,9,22.148935021351633,71.70026459963013,1.0
0.8581572583533577,0.0036791842037284836,"{'model__booster': 'gbtree', 'model__gamma': 3.8788255181488673, 'model__grow_policy': 'depthwise', 'model__learning_rate': 0.2, 'model__max_delta_step': 1.0349357135390964, 'model__max_depth': 3, 'model__reg_alpha': 29.284311369764794, 'model__reg_lambda': 31.773703562878357, 'model__subsample': 0.9}",gbtree,3.8788255181488673,depthwise,0.2,1.0349357135390964,3,29.284311369764794,31.773703562878357,0.9
0.8581372703356724,0.003519557013973934,"{'model__booster': 'dart', 'model__gamma': 20.530195646517896, 'model__grow_policy': 'depthwise', 'model__learning_rate': 0.2, 'model__max_delta_step': 3.461455483152645, 'model__max_depth': 4, 'model__reg_alpha': 44.92444102262293, 'model__reg_lambda': 59.39566144130626, 'model__subsample': 0.8}",dart,20.530195646517896,depthwise,0.2,3.461455483152645,4,44.92444102262293,59.39566144130626,0.8
0.8581291957280286,0.0036020109509274758,"{'model__booster': 'dart', 'model__gamma': 36.38068545685082, 'model__grow_policy': 'lossguide', 'model__learning_rate': 0.3, 'model__max_delta_step': 8.891580326305839, 'model__max_depth': 26, 'model__reg_alpha': 24.54135051873944, 'model__reg_lambda': 67.71389735791242, 'model__subsample': 1.0}",dart,36.38068545685082,lossguide,0.3,8.891580326305839,26,24.54135051873944,67.71389735791242,1.0
0.8580259875809485,0.003897262892389281,"{'model__booster': 'dart', 'model__gamma': 25.279850264205237, 'model__grow_policy': 'depthwise', 'model__learning_rate': 0.3, 'model__max_delta_step': 6.244881905507937, 'model__max_depth': 27, 'model__reg_alpha': 39.22252939643676, 'model__reg_lambda': 88.05250303501685, 'model__subsample': 0.6}",dart,25.279850264205237,depthwise,0.3,6.244881905507937,27,39.22252939643676,88.05250303501685,0.6
0.8578972175275812,0.00391391378045966,"{'model__booster': 'dart', 'model__gamma': 23.558712134754497, 'model__grow_policy': 'depthwise', 'model__learning_rate': 0.2, 'model__max_delta_step': 3.9770923954704047, 'model__max_depth': 10, 'model__reg_alpha': 18.945406230683865, 'model__reg_lambda': 91.82902021577345, 'model__subsample': 0.8}",dart,23.558712134754497,depthwise,0.2,3.9770923954704047,10,18.945406230683865,91.82902021577345,0.8
0.8578595009755123,0.003862912352540553,"{'model__booster': 'gbtree', 'model__gamma': 17.48848198425426, 'model__grow_policy': 'depthwise', 'model__learning_rate': 0.2, 'model__max_delta_step': 1.0328204990629233, 'model__max_depth': 13, 'model__reg_alpha': 60.70037451029747, 'model__reg_lambda': 69.99790568903907, 'model__subsample': 0.7}",gbtree,17.48848198425426,depthwise,0.2,1.0328204990629233,13,60.70037451029747,69.99790568903907,0.7
0.8578503056791194,0.0034144981032267004,"{'model__booster': 'dart', 'model__gamma': 27.147541843763644, 'model__grow_policy': 'lossguide', 'model__learning_rate': 0.3, 'model__max_delta_step': 8.73925673124963, 'model__max_depth': 29, 'model__reg_alpha': 84.51045752881424, 'model__reg_lambda': 50.936126794917016, 'model__subsample': 1.0}",dart,27.147541843763644,lossguide,0.3,8.73925673124963,29,84.51045752881424,50.936126794917016,1.0
0.8576854838712847,0.003982265579528844,"{'model__booster': 'gbtree', 'model__gamma': 32.61191406144386, 'model__grow_policy': 'depthwise', 'model__learning_rate': 0.2, 'model__max_delta_step': 5.121950987627888, 'model__max_depth': 5, 'model__reg_alpha': 36.06641168088663, 'model__reg_lambda': 16.46771611642096, 'model__subsample': 0.8}",gbtree,32.61191406144386,depthwise,0.2,5.121950987627888,5,36.06641168088663,16.46771611642096,0.8
0.8573356644260904,0.0038204625123582896,"{'model__booster': 'gbtree', 'model__gamma': 28.44927540430573, 'model__grow_policy': 'depthwise', 'model__learning_rate': 0.2, 'model__max_delta_step': 4.364611558281655, 'model__max_depth': 14, 'model__reg_alpha': 41.01277476340921, 'model__reg_lambda': 70.28021307836786, 'model__subsample': 0.8}",gbtree,28.44927540430573,depthwise,0.2,4.364611558281655,14,41.01277476340921,70.28021307836786,0.8
0.8572756310369062,0.003395272440989129,"{'model__booster': 'dart', 'model__gamma': 39.01822641580762, 'model__grow_policy': 'lossguide', 'model__learning_rate': 0.3, 'model__max_delta_step': 4.774849476971348, 'model__max_depth': 24, 'model__reg_alpha': 3.873499529360057, 'model__reg_lambda': 22.727512250803123, 'model__subsample': 0.6}",dart,39.01822641580762,lossguide,0.3,4.774849476971348,24,3.873499529360057,22.727512250803123,0.6
0.8570472345567077,0.003469261391078636,"{'model__booster': 'gbtree', 'model__gamma': 30.98823564450295, 'model__grow_policy': 'depthwise', 'model__learning_rate': 0.2, 'model__max_delta_step': 4.674094239411112, 'model__max_depth': 24, 'model__reg_alpha': 35.563061812286946, 'model__reg_lambda': 95.09885540821519, 'model__subsample': 0.8}",gbtree,30.98823564450295,depthwise,0.2,4.674094239411112,24,35.563061812286946,95.09885540821519,0.8
0.8570408238870796,0.0034222642693729904,"{'model__booster': 'gbtree', 'model__gamma': 34.90148430378478, 'model__grow_policy': 'depthwise', 'model__learning_rate': 0.2, 'model__max_delta_step': 1.6209929731699537, 'model__max_depth': 8, 'model__reg_alpha': 1.9931646117046071, 'model__reg_lambda': 98.77410693157879, 'model__subsample': 0.8}",gbtree,34.90148430378478,depthwise,0.2,1.6209929731699537,8,1.9931646117046071,98.77410693157879,0.8
0.8568653630254894,0.0032136284611228648,"{'model__booster': 'dart', 'model__gamma': 29.71559389559127, 'model__grow_policy': 'depthwise', 'model__learning_rate': 0.3, 'model__max_delta_step': 1.5300523970675277, 'model__max_depth': 4, 'model__reg_alpha': 42.85225913276921, 'model__reg_lambda': 72.82450938364454, 'model__subsample': 0.6}",dart,29.71559389559127,depthwise,0.3,1.5300523970675277,4,42.85225913276921,72.82450938364454,0.6
0.8566811625007305,0.00431983938555281,"{'model__booster': 'gbtree', 'model__gamma': 25.57961804762387, 'model__grow_policy': 'depthwise', 'model__learning_rate': 0.2, 'model__max_delta_step': 4.930466535761136, 'model__max_depth': 28, 'model__reg_alpha': 53.39773405417859, 'model__reg_lambda': 69.79236786161256, 'model__subsample': 0.6}",gbtree,25.57961804762387,depthwise,0.2,4.930466535761136,28,53.39773405417859,69.79236786161256,0.6
0.8565808314697778,0.004268110316742431,"{'model__booster': 'dart', 'model__gamma': 53.0873814023692, 'model__grow_policy': 'lossguide', 'model__learning_rate': 0.3, 'model__max_delta_step': 5.99213029511661, 'model__max_depth': 21, 'model__reg_alpha': 14.31432887201825, 'model__reg_lambda': 60.188769263358296, 'model__subsample': 0.9}",dart,53.0873814023692,lossguide,0.3,5.99213029511661,21,14.31432887201825,60.188769263358296,0.9
0.8564340830065728,0.004318811949056022,"{'model__booster': 'dart', 'model__gamma': 47.27868097749775, 'model__grow_policy': 'lossguide', 'model__learning_rate': 0.3, 'model__max_delta_step': 5.137531896716798, 'model__max_depth': 6, 'model__reg_alpha': 28.751953222426373, 'model__reg_lambda': 57.1947792227684, 'model__subsample': 0.9}",dart,47.27868097749775,lossguide,0.3,5.137531896716798,6,28.751953222426373,57.1947792227684,0.9
0.8562484856835594,0.0037117515956594785,"{'model__booster': 'gbtree', 'model__gamma': 28.316661223034338, 'model__grow_policy': 'depthwise', 'model__learning_rate': 0.2, 'model__max_delta_step': 1.0208047511374998, 'model__max_depth': 22, 'model__reg_alpha': 32.99899429755443, 'model__reg_lambda': 96.14317113898943, 'model__subsample': 0.7}",gbtree,28.316661223034338,depthwise,0.2,1.0208047511374998,22,32.99899429755443,96.14317113898943,0.7
0.8558809684640865,0.003691128357229621,"{'model__booster': 'dart', 'model__gamma': 32.73784907514654, 'model__grow_policy': 'depthwise', 'model__learning_rate': 0.3, 'model__max_delta_step': 4.368294942626354, 'model__max_depth': 22, 'model__reg_alpha': 45.45187906992397, 'model__reg_lambda': 85.41401999009503, 'model__subsample': 0.6}",dart,32.73784907514654,depthwise,0.3,4.368294942626354,22,45.45187906992397,85.41401999009503,0.6
0.8557965227104096,0.004148174156801214,"{'model__booster': 'dart', 'model__gamma': 42.877947907856395, 'model__grow_policy': 'lossguide', 'model__learning_rate': 0.3, 'model__max_delta_step': 5.657766103767754, 'model__max_depth': 15, 'model__reg_alpha': 29.5115677319666, 'model__reg_lambda': 54.09067619506755, 'model__subsample': 0.7}",dart,42.877947907856395,lossguide,0.3,5.657766103767754,15,29.5115677319666,54.09067619506755,0.7
0.8557935564694535,0.0038192671744527976,"{'model__booster': 'dart', 'model__gamma': 49.9859812090732, 'model__grow_policy': 'depthwise', 'model__learning_rate': 0.2, 'model__max_delta_step': 5.68139714583886, 'model__max_depth': 24, 'model__reg_alpha': 33.58396819616938, 'model__reg_lambda': 62.15034752835654, 'model__subsample': 1.0}",dart,49.9859812090732,depthwise,0.2,5.68139714583886,24,33.58396819616938,62.15034752835654,1.0
0.8557733376972869,0.00365872702212147,"{'model__booster': 'gbtree', 'model__gamma': 46.387053163622035, 'model__grow_policy': 'depthwise', 'model__learning_rate': 0.2, 'model__max_delta_step': 1.9683897461205835, 'model__max_depth': 20, 'model__reg_alpha': 10.019271705670224, 'model__reg_lambda': 77.31312559382201, 'model__subsample': 0.8}",gbtree,46.387053163622035,depthwise,0.2,1.9683897461205835,20,10.019271705670224,77.31312559382201,0.8
0.8556010656174464,0.004507794987776233,"{'model__booster': 'dart', 'model__gamma': 54.889917002270465, 'model__grow_policy': 'lossguide', 'model__learning_rate': 0.3, 'model__max_delta_step': 8.10055767307476, 'model__max_depth': 10, 'model__reg_alpha': 17.656142106827314, 'model__reg_lambda': 1.340810644742156, 'model__subsample': 0.8}",dart,54.889917002270465,lossguide,0.3,8.10055767307476,10,17.656142106827314,1.340810644742156,0.8
0.8555848452735872,0.004686460889182833,"{'model__booster': 'dart', 'model__gamma': 9.596719273311397, 'model__grow_policy': 'lossguide', 'model__learning_rate': 0.1, 'model__max_delta_step': 7.078907638932835, 'model__max_depth': 28, 'model__reg_alpha': 12.059121613466534, 'model__reg_lambda': 11.413228968225031, 'model__subsample': 0.8}",dart,9.596719273311397,lossguide,0.1,7.078907638932835,28,12.059121613466534,11.413228968225031,0.8
0.8553823732154504,0.003297947413101584,"{'model__booster': 'dart', 'model__gamma': 50.97144901002623, 'model__grow_policy': 'lossguide', 'model__learning_rate': 0.2, 'model__max_delta_step': 8.291433688003984, 'model__max_depth': 10, 'model__reg_alpha': 19.009366931402763, 'model__reg_lambda': 48.62352512104445, 'model__subsample': 0.8}",dart,50.97144901002623,lossguide,0.2,8.291433688003984,10,19.009366931402763,48.62352512104445,0.8
0.8550922636392808,0.0030325122645893424,"{'model__booster': 'gbtree', 'model__gamma': 38.119215032997324, 'model__grow_policy': 'lossguide', 'model__learning_rate': 0.3, 'model__max_delta_step': 7.040420686205859, 'model__max_depth': 7, 'model__reg_alpha': 93.81806490254235, 'model__reg_lambda': 3.3826409849052053, 'model__subsample': 0.7}",gbtree,38.119215032997324,lossguide,0.3,7.040420686205859,7,93.81806490254235,3.3826409849052053,0.7
0.8542695731378089,0.0033637311694647925,"{'model__booster': 'dart', 'model__gamma': 45.08044160359814, 'model__grow_policy': 'depthwise', 'model__learning_rate': 0.3, 'model__max_delta_step': 2.4976510647817713, 'model__max_depth': 19, 'model__reg_alpha': 49.62755707416748, 'model__reg_lambda': 75.30036646366796, 'model__subsample': 0.6}",dart,45.08044160359814,depthwise,0.3,2.4976510647817713,19,49.62755707416748,75.30036646366796,0.6
0.853999844365727,0.0035394155464993225,"{'model__booster': 'gbtree', 'model__gamma': 54.46590792282279, 'model__grow_policy': 'depthwise', 'model__learning_rate': 0.2, 'model__max_delta_step': 4.144604964711256, 'model__max_depth': 3, 'model__reg_alpha': 22.865624954318697, 'model__reg_lambda': 98.98830631977988, 'model__subsample': 0.8}",gbtree,54.46590792282279,depthwise,0.2,4.144604964711256,3,22.865624954318697,98.98830631977988,0.8
0.852826633666903,0.004722373368642981,"{'model__booster': 'gbtree', 'model__gamma': 0.07384352226581503, 'model__grow_policy': 'lossguide', 'model__learning_rate': 0.1, 'model__max_delta_step': 2.307832204723674, 'model__max_depth': 13, 'model__reg_alpha': 12.471697212917789, 'model__reg_lambda': 52.82971793054275, 'model__subsample': 0.8}",gbtree,0.07384352226581503,lossguide,0.1,2.307832204723674,13,12.471697212917789,52.82971793054275,0.8
0.8525069539050113,0.00427122371998387,"{'model__booster': 'dart', 'model__gamma': 77.9107097833003, 'model__grow_policy': 'lossguide', 'model__learning_rate': 0.3, 'model__max_delta_step': 7.9266777369493795, 'model__max_depth': 23, 'model__reg_alpha': 37.916789174649566, 'model__reg_lambda': 4.3514823312885245, 'model__subsample': 0.8}",dart,77.9107097833003,lossguide,0.3,7.9266777369493795,23,37.916789174649566,4.3514823312885245,0.8
0.8518430135321173,0.004816503784760905,"{'model__booster': 'dart', 'model__gamma': 0.43390056450400705, 'model__grow_policy': 'lossguide', 'model__learning_rate': 0.1, 'model__max_delta_step': 8.709715254801555, 'model__max_depth': 29, 'model__reg_alpha': 1.2073133767268427, 'model__reg_lambda': 58.54854823459177, 'model__subsample': 1.0}",dart,0.43390056450400705,lossguide,0.1,8.709715254801555,29,1.2073133767268427,58.54854823459177,1.0
0.8518361380636087,0.004072502203608273,"{'model__booster': 'dart', 'model__gamma': 71.9939480974143, 'model__grow_policy': 'lossguide', 'model__learning_rate': 0.3, 'model__max_delta_step': 3.2253168047974277, 'model__max_depth': 19, 'model__reg_alpha': 68.14082460413753, 'model__reg_lambda': 92.98291777197932, 'model__subsample': 0.8}",dart,71.9939480974143,lossguide,0.3,3.2253168047974277,19,68.14082460413753,92.98291777197932,0.8
0.851745359077913,0.004259399533376203,"{'model__booster': 'dart', 'model__gamma': 3.987275104296053, 'model__grow_policy': 'lossguide', 'model__learning_rate': 0.1, 'model__max_delta_step': 9.393428669222228, 'model__max_depth': 6, 'model__reg_alpha': 2.550487652937006, 'model__reg_lambda': 75.03491884615342, 'model__subsample': 0.6}",dart,3.987275104296053,lossguide,0.1,9.393428669222228,6,2.550487652937006,75.03491884615342,0.6
0.8513795530615997,0.003664524061903491,"{'model__booster': 'dart', 'model__gamma': 62.00171759333628, 'model__grow_policy': 'depthwise', 'model__learning_rate': 0.2, 'model__max_delta_step': 2.2167269779612178, 'model__max_depth': 17, 'model__reg_alpha': 99.15024289671406, 'model__reg_lambda': 55.92779757231811, 'model__subsample': 0.6}",dart,62.00171759333628,depthwise,0.2,2.2167269779612178,17,99.15024289671406,55.92779757231811,0.6
0.8512060753978137,0.0033952973585121976,"{'model__booster': 'dart', 'model__gamma': 74.62592228994902, 'model__grow_policy': 'depthwise', 'model__learning_rate': 0.3, 'model__max_delta_step': 3.5938187596589755, 'model__max_depth': 19, 'model__reg_alpha': 44.255528695227284, 'model__reg_lambda': 96.24604503290054, 'model__subsample': 0.6}",dart,74.62592228994902,depthwise,0.3,3.5938187596589755,19,44.255528695227284,96.24604503290054,0.6
0.8511703559233048,0.0030756540639790934,"{'model__booster': 'gbtree', 'model__gamma': 89.55320833485601, 'model__grow_policy': 'depthwise', 'model__learning_rate': 0.3, 'model__max_delta_step': 2.9437280420394782, 'model__max_depth': 29, 'model__reg_alpha': 11.43531630699244, 'model__reg_lambda': 93.63142021148293, 'model__subsample': 0.9}",gbtree,89.55320833485601,depthwise,0.3,2.9437280420394782,29,11.43531630699244,93.63142021148293,0.9
0.8509556503678513,0.004638305043834961,"{'model__booster': 'gbtree', 'model__gamma': 7.744064510084058, 'model__grow_policy': 'depthwise', 'model__learning_rate': 0.1, 'model__max_delta_step': 9.098182332156503, 'model__max_depth': 21, 'model__reg_alpha': 7.149701117804625, 'model__reg_lambda': 82.21041815387814, 'model__subsample': 0.9}",gbtree,7.744064510084058,depthwise,0.1,9.098182332156503,21,7.149701117804625,82.21041815387814,0.9
0.8509357613949987,0.003524103927651902,"{'model__booster': 'dart', 'model__gamma': 99.81362920306475, 'model__grow_policy': 'lossguide', 'model__learning_rate': 0.3, 'model__max_delta_step': 7.120214474798203, 'model__max_depth': 19, 'model__reg_alpha': 46.99832411988049, 'model__reg_lambda': 92.51551087195826, 'model__subsample': 0.9}",dart,99.81362920306475,lossguide,0.3,7.120214474798203,19,46.99832411988049,92.51551087195826,0.9
0.8506011801821097,0.004282270064831007,"{'model__booster': 'gbtree', 'model__gamma': 17.922292924085408, 'model__grow_policy': 'lossguide', 'model__learning_rate': 0.1, 'model__max_delta_step': 9.33524549060995, 'model__max_depth': 8, 'model__reg_alpha': 98.80470902033595, 'model__reg_lambda': 34.07741820590184, 'model__subsample': 0.8}",gbtree,17.922292924085408,lossguide,0.1,9.33524549060995,8,98.80470902033595,34.07741820590184,0.8
0.8504916243703482,0.004490058500028043,"{'model__booster': 'gbtree', 'model__gamma': 13.117781555312115, 'model__grow_policy': 'depthwise', 'model__learning_rate': 0.1, 'model__max_delta_step': 7.946248025667962, 'model__max_depth': 12, 'model__reg_alpha': 51.40303569596, 'model__reg_lambda': 66.44321318162588, 'model__subsample': 1.0}",gbtree,13.117781555312115,depthwise,0.1,7.946248025667962,12,51.40303569596,66.44321318162588,1.0
0.8489586432677878,0.004801095772360938,"{'model__booster': 'dart', 'model__gamma': 29.150957660436916, 'model__grow_policy': 'lossguide', 'model__learning_rate': 0.1, 'model__max_delta_step': 9.762970561155868, 'model__max_depth': 8, 'model__reg_alpha': 14.173887037629942, 'model__reg_lambda': 69.26667753689102, 'model__subsample': 0.9}",dart,29.150957660436916,lossguide,0.1,9.762970561155868,8,14.173887037629942,69.26667753689102,0.9
0.8481748892267083,0.004558628362607556,"{'model__booster': 'dart', 'model__gamma': 22.634437877777493, 'model__grow_policy': 'lossguide', 'model__learning_rate': 0.1, 'model__max_delta_step': 7.496334702509883, 'model__max_depth': 7, 'model__reg_alpha': 63.65409236464009, 'model__reg_lambda': 53.38910127719588, 'model__subsample': 0.6}",dart,22.634437877777493,lossguide,0.1,7.496334702509883,7,63.65409236464009,53.38910127719588,0.6
0.8471649870822171,0.004886634077760451,"{'model__booster': 'gbtree', 'model__gamma': 0.3228973297836055, 'model__grow_policy': 'lossguide', 'model__learning_rate': 0.01, 'model__max_delta_step': 8.61024466066019, 'model__max_depth': 23, 'model__reg_alpha': 6.231377592731672, 'model__reg_lambda': 6.295816692729403, 'model__subsample': 0.8}",gbtree,0.3228973297836055,lossguide,0.01,8.61024466066019,23,6.231377592731672,6.295816692729403,0.8
0.8464649674888165,0.005343538965136585,"{'model__booster': 'dart', 'model__gamma': 20.119191808392724, 'model__grow_policy': 'depthwise', 'model__learning_rate': 0.1, 'model__max_delta_step': 1.1268857226906048, 'model__max_depth': 3, 'model__reg_alpha': 31.4678843935307, 'model__reg_lambda': 89.48391379279494, 'model__subsample': 1.0}",dart,20.119191808392724,depthwise,0.1,1.1268857226906048,3,31.4678843935307,89.48391379279494,1.0
0.8464117417385666,0.005290208581715636,"{'model__booster': 'dart', 'model__gamma': 6.301923838877478, 'model__grow_policy': 'lossguide', 'model__learning_rate': 0.05, 'model__max_delta_step': 8.431431574757937, 'model__max_depth': 11, 'model__reg_alpha': 0.7321924912598425, 'model__reg_lambda': 29.904641601108896, 'model__subsample': 0.8}",dart,6.301923838877478,lossguide,0.05,8.431431574757937,11,0.7321924912598425,29.904641601108896,0.8
0.8455024853686949,0.004774482125662797,"{'model__booster': 'gbtree', 'model__gamma': 42.235328466829294, 'model__grow_policy': 'lossguide', 'model__learning_rate': 0.1, 'model__max_delta_step': 7.43123168120127, 'model__max_depth': 16, 'model__reg_alpha': 86.09343460681542, 'model__reg_lambda': 9.921239198380405, 'model__subsample': 0.6}",gbtree,42.235328466829294,lossguide,0.1,7.43123168120127,16,86.09343460681542,9.921239198380405,0.6
0.844842023043926,0.005318321436270861,"{'model__booster': 'dart', 'model__gamma': 39.82853124305535, 'model__grow_policy': 'lossguide', 'model__learning_rate': 0.1, 'model__max_delta_step': 6.8389991276988535, 'model__max_depth': 22, 'model__reg_alpha': 27.498476194003352, 'model__reg_lambda': 78.79786627394064, 'model__subsample': 0.7}",dart,39.82853124305535,lossguide,0.1,6.8389991276988535,22,27.498476194003352,78.79786627394064,0.7
0.8446054842327403,0.00555541597993433,"{'model__booster': 'dart', 'model__gamma': 70.31715015301437, 'model__grow_policy': 'lossguide', 'model__learning_rate': 0.1, 'model__max_delta_step': 4.156771847444899, 'model__max_depth': 26, 'model__reg_alpha': 6.770798468024475, 'model__reg_lambda': 38.90119953396319, 'model__subsample': 0.9}",dart,70.31715015301437,lossguide,0.1,4.156771847444899,26,6.770798468024475,38.90119953396319,0.9
0.8444884885169888,0.005276070000889627,"{'model__booster': 'gbtree', 'model__gamma': 0.13434811320519469, 'model__grow_policy': 'depthwise', 'model__learning_rate': 0.05, 'model__max_delta_step': 4.511169358528472, 'model__max_depth': 20, 'model__reg_alpha': 31.191097933774923, 'model__reg_lambda': 66.53339014776674, 'model__subsample': 0.8}",gbtree,0.13434811320519469,depthwise,0.05,4.511169358528472,20,31.191097933774923,66.53339014776674,0.8
0.8441080291505111,0.005211840739520077,"{'model__booster': 'gbtree', 'model__gamma': 8.201204746337632, 'model__grow_policy': 'depthwise', 'model__learning_rate': 0.05, 'model__max_delta_step': 3.792566566299808, 'model__max_depth': 6, 'model__reg_alpha': 38.23212889129902, 'model__reg_lambda': 56.49064832370902, 'model__subsample': 0.8}",gbtree,8.201204746337632,depthwise,0.05,3.792566566299808,6,38.23212889129902,56.49064832370902,0.8
0.8435757060273413,0.005241994638488293,"{'model__booster': 'dart', 'model__gamma': 92.4484609069231, 'model__grow_policy': 'lossguide', 'model__learning_rate': 0.1, 'model__max_delta_step': 7.817313902204113, 'model__max_depth': 6, 'model__reg_alpha': 15.424439963188874, 'model__reg_lambda': 29.744223363161762, 'model__subsample': 1.0}",dart,92.4484609069231,lossguide,0.1,7.817313902204113,6,15.424439963188874,29.744223363161762,1.0
0.8432898529499842,0.005432875710936136,"{'model__booster': 'gbtree', 'model__gamma': 62.812482105613014, 'model__grow_policy': 'depthwise', 'model__learning_rate': 0.1, 'model__max_delta_step': 2.4437659098430187, 'model__max_depth': 15, 'model__reg_alpha': 15.191120118854165, 'model__reg_lambda': 87.02313350798114, 'model__subsample': 0.8}",gbtree,62.812482105613014,depthwise,0.1,2.4437659098430187,15,15.191120118854165,87.02313350798114,0.8
0.8429635617141129,0.004096459055519468,"{'model__booster': 'dart', 'model__gamma': 0.1450153307823756, 'model__grow_policy': 'lossguide', 'model__learning_rate': 0.03, 'model__max_delta_step': 8.61211536234956, 'model__max_depth': 27, 'model__reg_alpha': 24.02962100127926, 'model__reg_lambda': 19.527232983018248, 'model__subsample': 0.8}",dart,0.1450153307823756,lossguide,0.03,8.61211536234956,27,24.02962100127926,19.527232983018248,0.8
0.8429616193257339,0.002497791185652657,"{'model__booster': 'dart', 'model__gamma': 9.720632170740984, 'model__grow_policy': 'lossguide', 'model__learning_rate': 0.03, 'model__max_delta_step': 9.005539920981018, 'model__max_depth': 11, 'model__reg_alpha': 11.76277567817922, 'model__reg_lambda': 14.704272852292142, 'model__subsample': 0.8}",dart,9.720632170740984,lossguide,0.03,9.005539920981018,11,11.76277567817922,14.704272852292142,0.8
0.8428069175415995,0.005100013000180252,"{'model__booster': 'gbtree', 'model__gamma': 35.81086481122089, 'model__grow_policy': 'lossguide', 'model__learning_rate': 0.05, 'model__max_delta_step': 2.9480877540517447, 'model__max_depth': 26, 'model__reg_alpha': 55.96255643994937, 'model__reg_lambda': 6.52236420758495, 'model__subsample': 0.8}",gbtree,35.81086481122089,lossguide,0.05,2.9480877540517447,26,55.96255643994937,6.52236420758495,0.8
0.842195647206046,0.004837760087869546,"{'model__booster': 'dart', 'model__gamma': 15.163283539893097, 'model__grow_policy': 'lossguide', 'model__learning_rate': 0.05, 'model__max_delta_step': 4.009002315344839, 'model__max_depth': 18, 'model__reg_alpha': 23.69104186134751, 'model__reg_lambda': 39.57144642688879, 'model__subsample': 0.9}",dart,15.163283539893097,lossguide,0.05,4.009002315344839,18,23.69104186134751,39.57144642688879,0.9
0.8412418365895495,0.0036032848770857,"{'model__booster': 'dart', 'model__gamma': 22.302829559929506, 'model__grow_policy': 'lossguide', 'model__learning_rate': 0.05, 'model__max_delta_step': 6.580627535779895, 'model__max_depth': 16, 'model__reg_alpha': 80.79221496042332, 'model__reg_lambda': 49.77197866116154, 'model__subsample': 0.7}",dart,22.302829559929506,lossguide,0.05,6.580627535779895,16,80.79221496042332,49.77197866116154,0.7
0.8409187927449476,0.005329054634653198,"{'model__booster': 'gbtree', 'model__gamma': 58.362416783262375, 'model__grow_policy': 'lossguide', 'model__learning_rate': 0.05, 'model__max_delta_step': 8.515539768136172, 'model__max_depth': 21, 'model__reg_alpha': 19.0496195178539, 'model__reg_lambda': 18.933342815492693, 'model__subsample': 0.7}",gbtree,58.362416783262375,lossguide,0.05,8.515539768136172,21,19.0496195178539,18.933342815492693,0.7
0.8405610968571645,0.004691130667736601,"{'model__booster': 'dart', 'model__gamma': 6.73808422052101, 'model__grow_policy': 'depthwise', 'model__learning_rate': 0.03, 'model__max_delta_step': 3.2239912923828387, 'model__max_depth': 25, 'model__reg_alpha': 59.66951485289165, 'model__reg_lambda': 27.92963615453303, 'model__subsample': 0.6}",dart,6.73808422052101,depthwise,0.03,3.2239912923828387,25,59.66951485289165,27.92963615453303,0.6
0.8404652612299074,0.0030234154249649007,"{'model__booster': 'dart', 'model__gamma': 11.98368290482172, 'model__grow_policy': 'lossguide', 'model__learning_rate': 0.05, 'model__max_delta_step': 7.582724132976278, 'model__max_depth': 12, 'model__reg_alpha': 27.454094870387813, 'model__reg_lambda': 67.79449140914157, 'model__subsample': 1.0}",dart,11.98368290482172,lossguide,0.05,7.582724132976278,12,27.454094870387813,67.79449140914157,1.0
0.8394458617330726,0.00350501116043762,"{'model__booster': 'dart', 'model__gamma': 60.82333206452992, 'model__grow_policy': 'lossguide', 'model__learning_rate': 0.05, 'model__max_delta_step': 8.269791221980409, 'model__max_depth': 15, 'model__reg_alpha': 22.099274841096207, 'model__reg_lambda': 32.72865374410907, 'model__subsample': 1.0}",dart,60.82333206452992,lossguide,0.05,8.269791221980409,15,22.099274841096207,32.72865374410907,1.0
0.8394296445786249,0.004413299340466406,"{'model__booster': 'dart', 'model__gamma': 43.39079152240982, 'model__grow_policy': 'lossguide', 'model__learning_rate': 0.05, 'model__max_delta_step': 3.57836042577539, 'model__max_depth': 13, 'model__reg_alpha': 22.530192525841958, 'model__reg_lambda': 42.637762130107916, 'model__subsample': 0.7}",dart,43.39079152240982,lossguide,0.05,3.57836042577539,13,22.530192525841958,42.637762130107916,0.7
0.8393380046121196,0.00359256661345128,"{'model__booster': 'dart', 'model__gamma': 18.849057914274336, 'model__grow_policy': 'lossguide', 'model__learning_rate': 0.05, 'model__max_delta_step': 4.496747022067593, 'model__max_depth': 17, 'model__reg_alpha': 10.423550951489894, 'model__reg_lambda': 77.42976731585517, 'model__subsample': 0.6}",dart,18.849057914274336,lossguide,0.05,4.496747022067593,17,10.423550951489894,77.42976731585517,0.6
0.8388467104764785,0.003609114890617474,"{'model__booster': 'dart', 'model__gamma': 10.027294985180863, 'model__grow_policy': 'lossguide', 'model__learning_rate': 0.03, 'model__max_delta_step': 5.303401596442559, 'model__max_depth': 18, 'model__reg_alpha': 34.93309694307878, 'model__reg_lambda': 43.947029035797186, 'model__subsample': 0.9}",dart,10.027294985180863,lossguide,0.03,5.303401596442559,18,34.93309694307878,43.947029035797186,0.9
0.8384587279993791,0.003550120695944421,"{'model__booster': 'dart', 'model__gamma': 11.412436007457133, 'model__grow_policy': 'lossguide', 'model__learning_rate': 0.03, 'model__max_delta_step': 4.950355838587617, 'model__max_depth': 26, 'model__reg_alpha': 20.52083287270506, 'model__reg_lambda': 52.38788444821011, 'model__subsample': 0.6}",dart,11.412436007457133,lossguide,0.03,4.950355838587617,26,20.52083287270506,52.38788444821011,0.6
0.8383116565019687,0.0033503557131444556,"{'model__booster': 'dart', 'model__gamma': 22.960020914404197, 'model__grow_policy': 'lossguide', 'model__learning_rate': 0.03, 'model__max_delta_step': 7.743932249362165, 'model__max_depth': 25, 'model__reg_alpha': 0.017672168226585683, 'model__reg_lambda': 50.14214767006271, 'model__subsample': 0.9}",dart,22.960020914404197,lossguide,0.03,7.743932249362165,25,0.017672168226585683,50.14214767006271,0.9
0.8380367476945549,0.004039644254710655,"{'model__booster': 'dart', 'model__gamma': 2.6087595304095546, 'model__grow_policy': 'lossguide', 'model__learning_rate': 0.03, 'model__max_delta_step': 9.30947865139816, 'model__max_depth': 7, 'model__reg_alpha': 19.66544702442738, 'model__reg_lambda': 56.79949369327434, 'model__subsample': 1.0}",dart,2.6087595304095546,lossguide,0.03,9.30947865139816,7,19.66544702442738,56.79949369327434,1.0
0.8378023970023477,0.0042016758379449775,"{'model__booster': 'dart', 'model__gamma': 26.967052374178333, 'model__grow_policy': 'depthwise', 'model__learning_rate': 0.05, 'model__max_delta_step': 5.4710506010507, 'model__max_depth': 8, 'model__reg_alpha': 37.10208797171387, 'model__reg_lambda': 80.22556122226689, 'model__subsample': 1.0}",dart,26.967052374178333,depthwise,0.05,5.4710506010507,8,37.10208797171387,80.22556122226689,1.0
0.8375546465403841,0.0039615635053830605,"{'model__booster': 'gbtree', 'model__gamma': 11.200783683487392, 'model__grow_policy': 'depthwise', 'model__learning_rate': 0.03, 'model__max_delta_step': 2.578616126623249, 'model__max_depth': 9, 'model__reg_alpha': 26.617634564323865, 'model__reg_lambda': 89.78667773675399, 'model__subsample': 1.0}",gbtree,11.200783683487392,depthwise,0.03,2.578616126623249,9,26.617634564323865,89.78667773675399,1.0
0.8372369494075086,0.0051314605667868345,"{'model__booster': 'gbtree', 'model__gamma': 21.049495268788927, 'model__grow_policy': 'lossguide', 'model__learning_rate': 0.01, 'model__max_delta_step': 4.60951210067775, 'model__max_depth': 27, 'model__reg_alpha': 17.011035262604096, 'model__reg_lambda': 21.68171869587252, 'model__subsample': 0.8}",gbtree,21.049495268788927,lossguide,0.01,4.60951210067775,27,17.011035262604096,21.68171869587252,0.8
0.8368891885079351,0.00353613878561281,"{'model__booster': 'dart', 'model__gamma': 58.52483406084381, 'model__grow_policy': 'lossguide', 'model__learning_rate': 0.05, 'model__max_delta_step': 7.752702237090617, 'model__max_depth': 18, 'model__reg_alpha': 55.38548064617914, 'model__reg_lambda': 97.05402420935229, 'model__subsample': 0.6}",dart,58.52483406084381,lossguide,0.05,7.752702237090617,18,55.38548064617914,97.05402420935229,0.6
0.8366081729759806,0.0047042107220182225,"{'model__booster': 'dart', 'model__gamma': 25.897684287867158, 'model__grow_policy': 'lossguide', 'model__learning_rate': 0.03, 'model__max_delta_step': 8.470288375925612, 'model__max_depth': 11, 'model__reg_alpha': 3.742221168024506, 'model__reg_lambda': 45.785375151626766, 'model__subsample': 1.0}",dart,25.897684287867158,lossguide,0.03,8.470288375925612,11,3.742221168024506,45.785375151626766,1.0
0.836195797699639,0.0043087759656512716,"{'model__booster': 'gbtree', 'model__gamma': 61.63164901602453, 'model__grow_policy': 'depthwise', 'model__learning_rate': 0.05, 'model__max_delta_step': 1.9263391655197277, 'model__max_depth': 11, 'model__reg_alpha': 73.35213927991737, 'model__reg_lambda': 71.61588804350045, 'model__subsample': 1.0}",gbtree,61.63164901602453,depthwise,0.05,1.9263391655197277,11,73.35213927991737,71.61588804350045,1.0
0.8361715333903103,0.004312215314965418,"{'model__booster': 'gbtree', 'model__gamma': 30.540940023532027, 'model__grow_policy': 'depthwise', 'model__learning_rate': 0.03, 'model__max_delta_step': 2.5758306000350064, 'model__max_depth': 26, 'model__reg_alpha': 46.97103055339882, 'model__reg_lambda': 84.05267116059545, 'model__subsample': 0.8}",gbtree,30.540940023532027,depthwise,0.03,2.5758306000350064,26,46.97103055339882,84.05267116059545,0.8
0.8361350022513163,0.004024022971371719,"{'model__booster': 'dart', 'model__gamma': 2.970363430972922, 'model__grow_policy': 'depthwise', 'model__learning_rate': 0.03, 'model__max_delta_step': 7.643015729455741, 'model__max_depth': 17, 'model__reg_alpha': 37.446786376011644, 'model__reg_lambda': 92.65366322180725, 'model__subsample': 0.6}",dart,2.970363430972922,depthwise,0.03,7.643015729455741,17,37.446786376011644,92.65366322180725,0.6
0.8360538020140854,0.003749146234740157,"{'model__booster': 'dart', 'model__gamma': 66.54037966031609, 'model__grow_policy': 'depthwise', 'model__learning_rate': 0.03, 'model__max_delta_step': 9.423582379075665, 'model__max_depth': 5, 'model__reg_alpha': 71.98014789094722, 'model__reg_lambda': 68.73540604625924, 'model__subsample': 0.6}",dart,66.54037966031609,depthwise,0.03,9.423582379075665,5,71.98014789094722,68.73540604625924,0.6
0.8358565140509828,0.004907098295129718,"{'model__booster': 'dart', 'model__gamma': 97.37239502894525, 'model__grow_policy': 'lossguide', 'model__learning_rate': 0.03, 'model__max_delta_step': 7.4648001735599525, 'model__max_depth': 13, 'model__reg_alpha': 12.480724328410533, 'model__reg_lambda': 26.785248828106855, 'model__subsample': 0.8}",dart,97.37239502894525,lossguide,0.03,7.4648001735599525,13,12.480724328410533,26.785248828106855,0.8
0.8357730729865034,0.005284185266828664,"{'model__booster': 'gbtree', 'model__gamma': 19.045586358829098, 'model__grow_policy': 'depthwise', 'model__learning_rate': 0.03, 'model__max_delta_step': 5.2139462104490715, 'model__max_depth': 5, 'model__reg_alpha': 47.903298722893794, 'model__reg_lambda': 78.32369152107053, 'model__subsample': 0.8}",gbtree,19.045586358829098,depthwise,0.03,5.2139462104490715,5,47.903298722893794,78.32369152107053,0.8
0.8355613134850135,0.004932420701041081,"{'model__booster': 'dart', 'model__gamma': 24.11029536384959, 'model__grow_policy': 'lossguide', 'model__learning_rate': 0.01, 'model__max_delta_step': 8.635339078850093, 'model__max_depth': 5, 'model__reg_alpha': 20.256637469767142, 'model__reg_lambda': 29.249705312232933, 'model__subsample': 0.7}",dart,24.11029536384959,lossguide,0.01,8.635339078850093,5,20.256637469767142,29.249705312232933,0.7
0.8349386416379554,0.004718653777310933,"{'model__booster': 'dart', 'model__gamma': 6.103806093354157, 'model__grow_policy': 'lossguide', 'model__learning_rate': 0.01, 'model__max_delta_step': 3.3966571859838397, 'model__max_depth': 26, 'model__reg_alpha': 15.508565875370614, 'model__reg_lambda': 63.410781712967214, 'model__subsample': 0.9}",dart,6.103806093354157,lossguide,0.01,3.3966571859838397,26,15.508565875370614,63.410781712967214,0.9
0.8347656455109318,0.004493706831858427,"{'model__booster': 'dart', 'model__gamma': 7.608555689909783, 'model__grow_policy': 'lossguide', 'model__learning_rate': 0.01, 'model__max_delta_step': 7.514785733220594, 'model__max_depth': 14, 'model__reg_alpha': 31.382475176043272, 'model__reg_lambda': 62.38472089029201, 'model__subsample': 0.9}",dart,7.608555689909783,lossguide,0.01,7.514785733220594,14,31.382475176043272,62.38472089029201,0.9
0.8346920508442848,0.006573880468276376,"{'model__booster': 'dart', 'model__gamma': 34.587363978995434, 'model__grow_policy': 'lossguide', 'model__learning_rate': 0.01, 'model__max_delta_step': 8.44871734467422, 'model__max_depth': 10, 'model__reg_alpha': 13.897400154360005, 'model__reg_lambda': 20.746012803089727, 'model__subsample': 0.8}",dart,34.587363978995434,lossguide,0.01,8.44871734467422,10,13.897400154360005,20.746012803089727,0.8
0.8345942859824698,0.005051681955573143,"{'model__booster': 'gbtree', 'model__gamma': 9.622550902119123, 'model__grow_policy': 'lossguide', 'model__learning_rate': 0.01, 'model__max_delta_step': 8.152835591912087, 'model__max_depth': 6, 'model__reg_alpha': 22.872285446044447, 'model__reg_lambda': 36.91804911332087, 'model__subsample': 1.0}",gbtree,9.622550902119123,lossguide,0.01,8.152835591912087,6,22.872285446044447,36.91804911332087,1.0
0.8344343494163888,0.005043028570651232,"{'model__booster': 'gbtree', 'model__gamma': 56.199537616581495, 'model__grow_policy': 'depthwise', 'model__learning_rate': 0.01, 'model__max_delta_step': 3.1851881428172204, 'model__max_depth': 12, 'model__reg_alpha': 89.53238343456043, 'model__reg_lambda': 49.63500824294812, 'model__subsample': 0.9}",gbtree,56.199537616581495,depthwise,0.01,3.1851881428172204,12,89.53238343456043,49.63500824294812,0.9
0.8343271470984275,0.004614127808387306,"{'model__booster': 'dart', 'model__gamma': 25.218812429059337, 'model__grow_policy': 'lossguide', 'model__learning_rate': 0.01, 'model__max_delta_step': 3.0511407106369144, 'model__max_depth': 6, 'model__reg_alpha': 37.22585712631788, 'model__reg_lambda': 58.15311882149629, 'model__subsample': 0.9}",dart,25.218812429059337,lossguide,0.01,3.0511407106369144,6,37.22585712631788,58.15311882149629,0.9
0.8343060026562655,0.0032948915287897857,"{'model__booster': 'dart', 'model__gamma': 80.06087013859566, 'model__grow_policy': 'lossguide', 'model__learning_rate': 0.03, 'model__max_delta_step': 6.943146564189088, 'model__max_depth': 27, 'model__reg_alpha': 4.440707962466952, 'model__reg_lambda': 87.14922854522278, 'model__subsample': 0.7}",dart,80.06087013859566,lossguide,0.03,6.943146564189088,27,4.440707962466952,87.14922854522278,0.7
0.8343021953540438,0.005010756781763877,"{'model__booster': 'gbtree', 'model__gamma': 23.24928315261168, 'model__grow_policy': 'lossguide', 'model__learning_rate': 0.005, 'model__max_delta_step': 6.215000939662202, 'model__max_depth': 29, 'model__reg_alpha': 52.45990063984451, 'model__reg_lambda': 8.673550420993271, 'model__subsample': 0.8}",gbtree,23.24928315261168,lossguide,0.005,6.215000939662202,29,52.45990063984451,8.673550420993271,0.8
0.8333000405254548,0.0033148605804170363,"{'model__booster': 'dart', 'model__gamma': 91.38226246007314, 'model__grow_policy': 'lossguide', 'model__learning_rate': 0.01, 'model__max_delta_step': 2.697489717143934, 'model__max_depth': 18, 'model__reg_alpha': 67.58242580770901, 'model__reg_lambda': 55.56251003340894, 'model__subsample': 0.8}",dart,91.38226246007314,lossguide,0.01,2.697489717143934,18,67.58242580770901,55.56251003340894,0.8
0.8332912578348143,0.006156152793740966,"{'model__booster': 'dart', 'model__gamma': 79.67003080898454, 'model__grow_policy': 'lossguide', 'model__learning_rate': 0.01, 'model__max_delta_step': 7.33408397693472, 'model__max_depth': 9, 'model__reg_alpha': 15.781105702702714, 'model__reg_lambda': 31.3232142937541, 'model__subsample': 1.0}",dart,79.67003080898454,lossguide,0.01,7.33408397693472,9,15.781105702702714,31.3232142937541,1.0
0.8318517722773464,0.005228878183710241,"{'model__booster': 'dart', 'model__gamma': 30.437446832369094, 'model__grow_policy': 'lossguide', 'model__learning_rate': 0.01, 'model__max_delta_step': 3.757344364187578, 'model__max_depth': 19, 'model__reg_alpha': 17.076885648136955, 'model__reg_lambda': 47.78887863128775, 'model__subsample': 0.6}",dart,30.437446832369094,lossguide,0.01,3.757344364187578,19,17.076885648136955,47.78887863128775,0.6
0.83172636643042,0.004270806031968806,"{'model__booster': 'dart', 'model__gamma': 1.8019406176332566, 'model__grow_policy': 'depthwise', 'model__learning_rate': 0.01, 'model__max_delta_step': 6.438023298143327, 'model__max_depth': 9, 'model__reg_alpha': 50.62988484749989, 'model__reg_lambda': 59.70159893736047, 'model__subsample': 0.6}",dart,1.8019406176332566,depthwise,0.01,6.438023298143327,9,50.62988484749989,59.70159893736047,0.6
0.8312829719785869,0.005689751482606352,"{'model__booster': 'gbtree', 'model__gamma': 85.4680200196687, 'model__grow_policy': 'depthwise', 'model__learning_rate': 0.01, 'model__max_delta_step': 8.796292295471988, 'model__max_depth': 8, 'model__reg_alpha': 38.227015636787, 'model__reg_lambda': 46.95452021039931, 'model__subsample': 0.7}",gbtree,85.4680200196687,depthwise,0.01,8.796292295471988,8,38.227015636787,46.95452021039931,0.7
0.8295091886860899,0.0035559932975555803,"{'model__booster': 'dart', 'model__gamma': 4.509286460379918, 'model__grow_policy': 'lossguide', 'model__learning_rate': 0.005, 'model__max_delta_step': 9.844650290826108, 'model__max_depth': 25, 'model__reg_alpha': 25.572978741967578, 'model__reg_lambda': 21.79681201091588, 'model__subsample': 1.0}",dart,4.509286460379918,lossguide,0.005,9.844650290826108,25,25.572978741967578,21.79681201091588,1.0
0.8279005475070612,0.008071897022648218,"{'model__booster': 'dart', 'model__gamma': 9.580709293133252, 'model__grow_policy': 'depthwise', 'model__learning_rate': 0.005, 'model__max_delta_step': 3.752721474721559, 'model__max_depth': 14, 'model__reg_alpha': 30.019527389229147, 'model__reg_lambda': 46.613029549916575, 'model__subsample': 0.6}",dart,9.580709293133252,depthwise,0.005,3.752721474721559,14,30.019527389229147,46.613029549916575,0.6
0.8276982583220193,0.009624788083978725,"{'model__booster': 'dart', 'model__gamma': 1.1068272418508633, 'model__grow_policy': 'depthwise', 'model__learning_rate': 0.005, 'model__max_delta_step': 9.678697537635163, 'model__max_depth': 11, 'model__reg_alpha': 21.822118832967725, 'model__reg_lambda': 42.63046406780393, 'model__subsample': 0.9}",dart,1.1068272418508633,depthwise,0.005,9.678697537635163,11,21.822118832967725,42.63046406780393,0.9
0.8275096850054775,0.008945198680627774,"{'model__booster': 'gbtree', 'model__gamma': 37.337296986826146, 'model__grow_policy': 'lossguide', 'model__learning_rate': 0.01, 'model__max_delta_step': 2.7851179095954137, 'model__max_depth': 28, 'model__reg_alpha': 80.67253743067036, 'model__reg_lambda': 81.95424396936647, 'model__subsample': 0.8}",gbtree,37.337296986826146,lossguide,0.01,2.7851179095954137,28,80.67253743067036,81.95424396936647,0.8
0.8237937669238089,0.0076248159878839535,"{'model__booster': 'dart', 'model__gamma': 82.62551803951187, 'model__grow_policy': 'lossguide', 'model__learning_rate': 0.005, 'model__max_delta_step': 9.82253868840942, 'model__max_depth': 13, 'model__reg_alpha': 4.067959144067144, 'model__reg_lambda': 44.982346220122984, 'model__subsample': 0.8}",dart,82.62551803951187,lossguide,0.005,9.82253868840942,13,4.067959144067144,44.982346220122984,0.8
0.8180180008989574,0.008275939317261043,"{'model__booster': 'dart', 'model__gamma': 57.624466395767634, 'model__grow_policy': 'lossguide', 'model__learning_rate': 0.005, 'model__max_delta_step': 7.3073191565637305, 'model__max_depth': 3, 'model__reg_alpha': 25.837406015962756, 'model__reg_lambda': 60.88960574439712, 'model__subsample': 0.9}",dart,57.624466395767634,lossguide,0.005,7.3073191565637305,3,25.837406015962756,60.88960574439712,0.9
0.8148792642016772,0.007076827987041081,"{'model__booster': 'gbtree', 'model__gamma': 82.85531775436807, 'model__grow_policy': 'depthwise', 'model__learning_rate': 0.01, 'model__max_delta_step': 9.832844517349018, 'model__max_depth': 22, 'model__reg_alpha': 7.464196842676662, 'model__reg_lambda': 99.03082265581644, 'model__subsample': 1.0}",gbtree,82.85531775436807,depthwise,0.01,9.832844517349018,22,7.464196842676662,99.03082265581644,1.0
0.8136589945414581,0.014885882367692341,"{'model__booster': 'dart', 'model__gamma': 21.98897392555755, 'model__grow_policy': 'lossguide', 'model__learning_rate': 0.005, 'model__max_delta_step': 7.137305982754619, 'model__max_depth': 7, 'model__reg_alpha': 10.09673836753494, 'model__reg_lambda': 60.73644248625356, 'model__subsample': 1.0}",dart,21.98897392555755,lossguide,0.005,7.137305982754619,7,10.09673836753494,60.73644248625356,1.0
0.8132247584891058,0.005690403381027901,"{'model__booster': 'dart', 'model__gamma': 24.295618696932795, 'model__grow_policy': 'lossguide', 'model__learning_rate': 0.005, 'model__max_delta_step': 6.602790050957088, 'model__max_depth': 10, 'model__reg_alpha': 93.17510436497395, 'model__reg_lambda': 71.07388054440177, 'model__subsample': 0.6}",dart,24.295618696932795,lossguide,0.005,6.602790050957088,10,93.17510436497395,71.07388054440177,0.6
0.8119714279198689,0.0038800898453152034,"{'model__booster': 'gbtree', 'model__gamma': 8.355496251440483, 'model__grow_policy': 'depthwise', 'model__learning_rate': 0.005, 'model__max_delta_step': 2.137007842119292, 'model__max_depth': 20, 'model__reg_alpha': 28.813064449258246, 'model__reg_lambda': 88.23634953685401, 'model__subsample': 0.8}",gbtree,8.355496251440483,depthwise,0.005,2.137007842119292,20,28.813064449258246,88.23634953685401,0.8
0.8119529462995981,0.0028084763963944466,"{'model__booster': 'gbtree', 'model__gamma': 3.587652372044488, 'model__grow_policy': 'depthwise', 'model__learning_rate': 0.005, 'model__max_delta_step': 2.9885314242850125, 'model__max_depth': 10, 'model__reg_alpha': 42.10599782125005, 'model__reg_lambda': 90.14522736987719, 'model__subsample': 0.6}",gbtree,3.587652372044488,depthwise,0.005,2.9885314242850125,10,42.10599782125005,90.14522736987719,0.6
0.8110156291828309,0.005421264204272467,"{'model__booster': 'dart', 'model__gamma': 68.96616391540277, 'model__grow_policy': 'depthwise', 'model__learning_rate': 0.01, 'model__max_delta_step': 4.129687344273674, 'model__max_depth': 14, 'model__reg_alpha': 20.779700933531366, 'model__reg_lambda': 80.42312939356064, 'model__subsample': 0.6}",dart,68.96616391540277,depthwise,0.01,4.129687344273674,14,20.779700933531366,80.42312939356064,0.6
0.8108367237068915,0.004904643408610151,"{'model__booster': 'dart', 'model__gamma': 33.61435039834693, 'model__grow_policy': 'lossguide', 'model__learning_rate': 0.005, 'model__max_delta_step': 5.76068752564848, 'model__max_depth': 11, 'model__reg_alpha': 13.364344635133708, 'model__reg_lambda': 93.9980625107398, 'model__subsample': 1.0}",dart,33.61435039834693,lossguide,0.005,5.76068752564848,11,13.364344635133708,93.9980625107398,1.0
0.8099470166893233,0.00427952402345001,"{'model__booster': 'dart', 'model__gamma': 12.496642505103166, 'model__grow_policy': 'lossguide', 'model__learning_rate': 0.005, 'model__max_delta_step': 5.572291928040997, 'model__max_depth': 12, 'model__reg_alpha': 12.06807664745578, 'model__reg_lambda': 91.33374494194418, 'model__subsample': 0.6}",dart,12.496642505103166,lossguide,0.005,5.572291928040997,12,12.06807664745578,91.33374494194418,0.6
0.5,0.0,"{'model__booster': 'gblinear', 'model__gamma': 98.31981393045038, 'model__grow_policy': 'lossguide', 'model__learning_rate': 0.03, 'model__max_delta_step': 1.6850577302141654, 'model__max_depth': 20, 'model__reg_alpha': 41.54131000227697, 'model__reg_lambda': 73.81692293602894, 'model__subsample': 0.8}",gblinear,98.31981393045038,lossguide,0.03,1.6850577302141654,20,41.54131000227697,73.81692293602894,0.8
0.5,0.0,"{'model__booster': 'gblinear', 'model__gamma': 16.801500546340982, 'model__grow_policy': 'lossguide', 'model__learning_rate': 0.3, 'model__max_delta_step': 8.772134502983056, 'model__max_depth': 6, 'model__reg_alpha': 17.567249749154698, 'model__reg_lambda': 25.86971855847296, 'model__subsample': 1.0}",gblinear,16.801500546340982,lossguide,0.3,8.772134502983056,6,17.567249749154698,25.86971855847296,1.0
0.5,0.0,"{'model__booster': 'gblinear', 'model__gamma': 68.25045939134343, 'model__grow_policy': 'depthwise', 'model__learning_rate': 0.005, 'model__max_delta_step': 5.085989203554687, 'model__max_depth': 27, 'model__reg_alpha': 89.64179680799482, 'model__reg_lambda': 31.49009514800194, 'model__subsample': 0.6}",gblinear,68.25045939134343,depthwise,0.005,5.085989203554687,27,89.64179680799482,31.49009514800194,0.6
0.5,0.0,"{'model__booster': 'gblinear', 'model__gamma': 38.9027854376959, 'model__grow_policy': 'lossguide', 'model__learning_rate': 0.03, 'model__max_delta_step': 7.257676135947216, 'model__max_depth': 29, 'model__reg_alpha': 81.2020196113691, 'model__reg_lambda': 62.27743727088031, 'model__subsample': 0.7}",gblinear,38.9027854376959,lossguide,0.03,7.257676135947216,29,81.2020196113691,62.27743727088031,0.7
0.5,0.0,"{'model__booster': 'gblinear', 'model__gamma': 0.09208804043695196, 'model__grow_policy': 'lossguide', 'model__learning_rate': 0.3, 'model__max_delta_step': 4.983235137299483, 'model__max_depth': 7, 'model__reg_alpha': 7.4700815037142405, 'model__reg_lambda': 80.88259118357571, 'model__subsample': 0.6}",gblinear,0.09208804043695196,lossguide,0.3,4.983235137299483,7,7.4700815037142405,80.88259118357571,0.6
0.5,0.0,"{'model__booster': 'gblinear', 'model__gamma': 64.50248029386411, 'model__grow_policy': 'lossguide', 'model__learning_rate': 0.3, 'model__max_delta_step': 2.683154248051541, 'model__max_depth': 4, 'model__reg_alpha': 33.84202090519434, 'model__reg_lambda': 73.25070308041663, 'model__subsample': 0.9}",gblinear,64.50248029386411,lossguide,0.3,2.683154248051541,4,33.84202090519434,73.25070308041663,0.9
0.5,0.0,"{'model__booster': 'gblinear', 'model__gamma': 41.204200536805544, 'model__grow_policy': 'lossguide', 'model__learning_rate': 0.3, 'model__max_delta_step': 9.43859711098907, 'model__max_depth': 17, 'model__reg_alpha': 7.92707683371574, 'model__reg_lambda': 7.490946459066958, 'model__subsample': 0.7}",gblinear,41.204200536805544,lossguide,0.3,9.43859711098907,17,7.92707683371574,7.490946459066958,0.7
0.5,0.0,"{'model__booster': 'gblinear', 'model__gamma': 94.5849030925239, 'model__grow_policy': 'depthwise', 'model__learning_rate': 0.03, 'model__max_delta_step': 5.9758661134459405, 'model__max_depth': 14, 'model__reg_alpha': 46.560116934614804, 'model__reg_lambda': 48.5908985912063, 'model__subsample': 0.9}",gblinear,94.5849030925239,depthwise,0.03,5.9758661134459405,14,46.560116934614804,48.5908985912063,0.9
0.5,0.0,"{'model__booster': 'gblinear', 'model__gamma': 73.58743341814443, 'model__grow_policy': 'lossguide', 'model__learning_rate': 0.05, 'model__max_delta_step': 8.015047767361734, 'model__max_depth': 5, 'model__reg_alpha': 40.028823881433865, 'model__reg_lambda': 65.14932357558205, 'model__subsample': 0.9}",gblinear,73.58743341814443,lossguide,0.05,8.015047767361734,5,40.028823881433865,65.14932357558205,0.9
0.5,0.0,"{'model__booster': 'gblinear', 'model__gamma': 7.991831260605252, 'model__grow_policy': 'lossguide', 'model__learning_rate': 0.3, 'model__max_delta_step': 8.050922442863603, 'model__max_depth': 23, 'model__reg_alpha': 0.3028536872311349, 'model__reg_lambda': 89.01284305991985, 'model__subsample': 0.6}",gblinear,7.991831260605252,lossguide,0.3,8.050922442863603,23,0.3028536872311349,89.01284305991985,0.6
0.5,0.0,"{'model__booster': 'gblinear', 'model__gamma': 24.482146075526124, 'model__grow_policy': 'depthwise', 'model__learning_rate': 0.1, 'model__max_delta_step': 6.145658643680126, 'model__max_depth': 25, 'model__reg_alpha': 44.676361602012925, 'model__reg_lambda': 80.39430556039238, 'model__subsample': 0.9}",gblinear,24.482146075526124,depthwise,0.1,6.145658643680126,25,44.676361602012925,80.39430556039238,0.9
0.5,0.0,"{'model__booster': 'gblinear', 'model__gamma': 77.32548432543574, 'model__grow_policy': 'lossguide', 'model__learning_rate': 0.3, 'model__max_delta_step': 3.869907277932493, 'model__max_depth': 19, 'model__reg_alpha': 2.2630288679654664, 'model__reg_lambda': 95.08170011833312, 'model__subsample': 0.6}",gblinear,77.32548432543574,lossguide,0.3,3.869907277932493,19,2.2630288679654664,95.08170011833312,0.6
0.5,0.0,"{'model__booster': 'gblinear', 'model__gamma': 79.38980189688854, 'model__grow_policy': 'lossguide', 'model__learning_rate': 0.3, 'model__max_delta_step': 3.340429495736406, 'model__max_depth': 19, 'model__reg_alpha': 48.996570972162104, 'model__reg_lambda': 61.80134056948251, 'model__subsample': 1.0}",gblinear,79.38980189688854,lossguide,0.3,3.340429495736406,19,48.996570972162104,61.80134056948251,1.0
0.5,0.0,"{'model__booster': 'gblinear', 'model__gamma': 21.773286458667563, 'model__grow_policy': 'lossguide', 'model__learning_rate': 0.01, 'model__max_delta_step': 9.997599036605887, 'model__max_depth': 6, 'model__reg_alpha': 18.127117413153098, 'model__reg_lambda': 57.204233601401384, 'model__subsample': 0.6}",gblinear,21.773286458667563,lossguide,0.01,9.997599036605887,6,18.127117413153098,57.204233601401384,0.6
0.5,0.0,"{'model__booster': 'gblinear', 'model__gamma': 29.479153163747867, 'model__grow_policy': 'lossguide', 'model__learning_rate': 0.05, 'model__max_delta_step': 8.889502147845043, 'model__max_depth': 10, 'model__reg_alpha': 9.099183610615182, 'model__reg_lambda': 1.9106070132331894, 'model__subsample': 0.8}",gblinear,29.479153163747867,lossguide,0.05,8.889502147845043,10,9.099183610615182,1.9106070132331894,0.8
0.5,0.0,"{'model__booster': 'gblinear', 'model__gamma': 6.619156593557108, 'model__grow_policy': 'depthwise', 'model__learning_rate': 0.03, 'model__max_delta_step': 8.233848500071534, 'model__max_depth': 4, 'model__reg_alpha': 27.501628355384234, 'model__reg_lambda': 39.181599934365906, 'model__subsample': 1.0}",gblinear,6.619156593557108,depthwise,0.03,8.233848500071534,4,27.501628355384234,39.181599934365906,1.0
0.5,0.0,"{'model__booster': 'gblinear', 'model__gamma': 11.786505826570217, 'model__grow_policy': 'lossguide', 'model__learning_rate': 0.005, 'model__max_delta_step': 9.486709381981578, 'model__max_depth': 11, 'model__reg_alpha': 4.8743949506850655, 'model__reg_lambda': 25.51338041552816, 'model__subsample': 0.8}",gblinear,11.786505826570217,lossguide,0.005,9.486709381981578,11,4.8743949506850655,25.51338041552816,0.8
0.5,0.0,"{'model__booster': 'gblinear', 'model__gamma': 94.42624503864937, 'model__grow_policy': 'lossguide', 'model__learning_rate': 0.3, 'model__max_delta_step': 4.311409624764988, 'model__max_depth': 28, 'model__reg_alpha': 26.85530940976652, 'model__reg_lambda': 99.85977509213971, 'model__subsample': 0.6}",gblinear,94.42624503864937,lossguide,0.3,4.311409624764988,28,26.85530940976652,99.85977509213971,0.6
0.5,0.0,"{'model__booster': 'gblinear', 'model__gamma': 7.243772002574755, 'model__grow_policy': 'lossguide', 'model__learning_rate': 0.03, 'model__max_delta_step': 6.119351401818495, 'model__max_depth': 25, 'model__reg_alpha': 18.777487575294728, 'model__reg_lambda': 27.574444840384203, 'model__subsample': 0.8}",gblinear,7.243772002574755,lossguide,0.03,6.119351401818495,25,18.777487575294728,27.574444840384203,0.8
0.5,0.0,"{'model__booster': 'gblinear', 'model__gamma': 86.55182859663464, 'model__grow_policy': 'lossguide', 'model__learning_rate': 0.1, 'model__max_delta_step': 4.008486085177079, 'model__max_depth': 26, 'model__reg_alpha': 9.36186720179726, 'model__reg_lambda': 34.02362855729954, 'model__subsample': 0.7}",gblinear,86.55182859663464,lossguide,0.1,4.008486085177079,26,9.36186720179726,34.02362855729954,0.7
0.5,0.0,"{'model__booster': 'gblinear', 'model__gamma': 27.939097885350193, 'model__grow_policy': 'lossguide', 'model__learning_rate': 0.3, 'model__max_delta_step': 9.168310727855644, 'model__max_depth': 21, 'model__reg_alpha': 8.856562970888065, 'model__reg_lambda': 41.59793372970679, 'model__subsample': 0.8}",gblinear,27.939097885350193,lossguide,0.3,9.168310727855644,21,8.856562970888065,41.59793372970679,0.8
0.5,0.0,"{'model__booster': 'gblinear', 'model__gamma': 31.629766678988084, 'model__grow_policy': 'lossguide', 'model__learning_rate': 0.3, 'model__max_delta_step': 7.714896458469831, 'model__max_depth': 13, 'model__reg_alpha': 0.04561961713671181, 'model__reg_lambda': 40.73489397306243, 'model__subsample': 0.8}",gblinear,31.629766678988084,lossguide,0.3,7.714896458469831,13,0.04561961713671181,40.73489397306243,0.8
0.5,0.0,"{'model__booster': 'gblinear', 'model__gamma': 48.87625099470049, 'model__grow_policy': 'depthwise', 'model__learning_rate': 0.005, 'model__max_delta_step': 2.114032276898083, 'model__max_depth': 20, 'model__reg_alpha': 67.9061011118944, 'model__reg_lambda': 76.09700627774178, 'model__subsample': 0.6}",gblinear,48.87625099470049,depthwise,0.005,2.114032276898083,20,67.9061011118944,76.09700627774178,0.6
0.5,0.0,"{'model__booster': 'gblinear', 'model__gamma': 41.70465546756878, 'model__grow_policy': 'depthwise', 'model__learning_rate': 0.3, 'model__max_delta_step': 3.22903045518194, 'model__max_depth': 6, 'model__reg_alpha': 52.23531785133359, 'model__reg_lambda': 59.38268664240513, 'model__subsample': 0.7}",gblinear,41.70465546756878,depthwise,0.3,3.22903045518194,6,52.23531785133359,59.38268664240513,0.7
0.5,0.0,"{'model__booster': 'gblinear', 'model__gamma': 40.53924422075704, 'model__grow_policy': 'depthwise', 'model__learning_rate': 0.05, 'model__max_delta_step': 3.5964106243094647, 'model__max_depth': 20, 'model__reg_alpha': 24.84582411222742, 'model__reg_lambda': 42.237669207951996, 'model__subsample': 0.8}",gblinear,40.53924422075704,depthwise,0.05,3.5964106243094647,20,24.84582411222742,42.237669207951996,0.8
0.5,0.0,"{'model__booster': 'gblinear', 'model__gamma': 52.93360593114673, 'model__grow_policy': 'lossguide', 'model__learning_rate': 0.005, 'model__max_delta_step': 6.980229867936464, 'model__max_depth': 15, 'model__reg_alpha': 0.33866866456990863, 'model__reg_lambda': 86.15419901150149, 'model__subsample': 0.7}",gblinear,52.93360593114673,lossguide,0.005,6.980229867936464,15,0.33866866456990863,86.15419901150149,0.7
0.5,0.0,"{'model__booster': 'gblinear', 'model__gamma': 27.114799876838237, 'model__grow_policy': 'depthwise', 'model__learning_rate': 0.2, 'model__max_delta_step': 6.215798682123314, 'model__max_depth': 20, 'model__reg_alpha': 4.9779008393867485, 'model__reg_lambda': 72.92493641386898, 'model__subsample': 1.0}",gblinear,27.114799876838237,depthwise,0.2,6.215798682123314,20,4.9779008393867485,72.92493641386898,1.0
0.5,0.0,"{'model__booster': 'gblinear', 'model__gamma': 37.70444265370607, 'model__grow_policy': 'lossguide', 'model__learning_rate': 0.2, 'model__max_delta_step': 8.857129981996705, 'model__max_depth': 3, 'model__reg_alpha': 28.553282193546295, 'model__reg_lambda': 24.329854721882537, 'model__subsample': 0.8}",gblinear,37.70444265370607,lossguide,0.2,8.857129981996705,3,28.553282193546295,24.329854721882537,0.8
0.5,0.0,"{'model__booster': 'gblinear', 'model__gamma': 3.752759818603354, 'model__grow_policy': 'lossguide', 'model__learning_rate': 0.3, 'model__max_delta_step': 5.490034322173922, 'model__max_depth': 25, 'model__reg_alpha': 70.89309210569027, 'model__reg_lambda': 37.764550740448335, 'model__subsample': 0.9}",gblinear,3.752759818603354,lossguide,0.3,5.490034322173922,25,70.89309210569027,37.764550740448335,0.9
0.5,0.0,"{'model__booster': 'gblinear', 'model__gamma': 45.92446252037044, 'model__grow_policy': 'lossguide', 'model__learning_rate': 0.005, 'model__max_delta_step': 6.691845155851823, 'model__max_depth': 18, 'model__reg_alpha': 75.90431723732013, 'model__reg_lambda': 99.66621745977942, 'model__subsample': 0.8}",gblinear,45.92446252037044,lossguide,0.005,6.691845155851823,18,75.90431723732013,99.66621745977942,0.8
0.5,0.0,"{'model__booster': 'gblinear', 'model__gamma': 4.788594556872623, 'model__grow_policy': 'lossguide', 'model__learning_rate': 0.3, 'model__max_delta_step': 6.371858634848685, 'model__max_depth': 18, 'model__reg_alpha': 20.462816619044165, 'model__reg_lambda': 54.89931682582555, 'model__subsample': 0.9}",gblinear,4.788594556872623,lossguide,0.3,6.371858634848685,18,20.462816619044165,54.89931682582555,0.9
