roc_auc,std,params,model__boosting_type,model__learning_rate,model__max_depth,model__min_child_samples,model__reg_alpha,model__reg_lambda,model__subsample
0.8641664513833938,0.0038644685538604747,"{'model__boosting_type': 'gbdt', 'model__learning_rate': 0.1, 'model__max_depth': 7, 'model__min_child_samples': 25, 'model__reg_alpha': 14.023012726192203, 'model__reg_lambda': 19.002211479515193, 'model__subsample': 1.0}",gbdt,0.1,7,25,14.023012726192203,19.002211479515193,1.0
0.8639394081214335,0.0038863574637177517,"{'model__boosting_type': 'gbdt', 'model__learning_rate': 0.1, 'model__max_depth': 25, 'model__min_child_samples': 25, 'model__reg_alpha': 10.868720443773315, 'model__reg_lambda': 17.75078498134122, 'model__subsample': 1.0}",gbdt,0.1,25,25,10.868720443773315,17.75078498134122,1.0
0.8639207345548947,0.0037283541397059466,"{'model__boosting_type': 'gbdt', 'model__learning_rate': 0.1, 'model__max_depth': 7, 'model__min_child_samples': 25, 'model__reg_alpha': 8.217147077691871, 'model__reg_lambda': 32.22392652006644, 'model__subsample': 1.0}",gbdt,0.1,7,25,8.217147077691871,32.22392652006644,1.0
0.863910748360046,0.0037145347126276663,"{'model__boosting_type': 'gbdt', 'model__learning_rate': 0.1, 'model__max_depth': 7, 'model__min_child_samples': 25, 'model__reg_alpha': 29.046686676645535, 'model__reg_lambda': 18.956570824069654, 'model__subsample': 1.0}",gbdt,0.1,7,25,29.046686676645535,18.956570824069654,1.0
0.8638844400250847,0.0037613616388988977,"{'model__boosting_type': 'gbdt', 'model__learning_rate': 0.1, 'model__max_depth': 7, 'model__min_child_samples': 25, 'model__reg_alpha': 24.84208274298171, 'model__reg_lambda': 12.667663997985425, 'model__subsample': 1.0}",gbdt,0.1,7,25,24.84208274298171,12.667663997985425,1.0
0.8638242664874797,0.0037223732207527895,"{'model__boosting_type': 'gbdt', 'model__learning_rate': 0.1, 'model__max_depth': 7, 'model__min_child_samples': 25, 'model__reg_alpha': 19.573720546683386, 'model__reg_lambda': 29.795355434072576, 'model__subsample': 0.6}",gbdt,0.1,7,25,19.573720546683386,29.795355434072576,0.6
0.8637771918898229,0.003916831148663598,"{'model__boosting_type': 'gbdt', 'model__learning_rate': 0.1, 'model__max_depth': 15, 'model__min_child_samples': 75, 'model__reg_alpha': 17.515175737790504, 'model__reg_lambda': 53.18244765765914, 'model__subsample': 1.0}",gbdt,0.1,15,75,17.515175737790504,53.18244765765914,1.0
0.8637762389401337,0.0037469877746171064,"{'model__boosting_type': 'gbdt', 'model__learning_rate': 0.1, 'model__max_depth': 7, 'model__min_child_samples': 150, 'model__reg_alpha': 4.26051304077906, 'model__reg_lambda': 31.94874615556401, 'model__subsample': 1.0}",gbdt,0.1,7,150,4.26051304077906,31.94874615556401,1.0
0.8637482041091774,0.0037517799048365687,"{'model__boosting_type': 'gbdt', 'model__learning_rate': 0.1, 'model__max_depth': 21, 'model__min_child_samples': 25, 'model__reg_alpha': 9.047118289607667, 'model__reg_lambda': 41.14035797506583, 'model__subsample': 0.9}",gbdt,0.1,21,25,9.047118289607667,41.14035797506583,0.9
0.863741156575246,0.0038700689358096797,"{'model__boosting_type': 'gbdt', 'model__learning_rate': 0.1, 'model__max_depth': 15, 'model__min_child_samples': 150, 'model__reg_alpha': 0.10733802731883202, 'model__reg_lambda': 91.6475689077673, 'model__subsample': 1.0}",gbdt,0.1,15,150,0.10733802731883202,91.6475689077673,1.0
0.8637135624582857,0.003930856177845538,"{'model__boosting_type': 'gbdt', 'model__learning_rate': 0.1, 'model__max_depth': 18, 'model__min_child_samples': 25, 'model__reg_alpha': 15.781105702702714, 'model__reg_lambda': 31.3232142937541, 'model__subsample': 1.0}",gbdt,0.1,18,25,15.781105702702714,31.3232142937541,1.0
0.8637117591087691,0.0037263712229349136,"{'model__boosting_type': 'gbdt', 'model__learning_rate': 0.1, 'model__max_depth': 16, 'model__min_child_samples': 25, 'model__reg_alpha': 39.10454082815639, 'model__reg_lambda': 4.174838676127692, 'model__subsample': 0.8}",gbdt,0.1,16,25,39.10454082815639,4.174838676127692,0.8
0.8637108159581551,0.0033346565301177935,"{'model__boosting_type': 'gbdt', 'model__learning_rate': 0.1, 'model__max_depth': 27, 'model__min_child_samples': 25, 'model__reg_alpha': 12.802402542703241, 'model__reg_lambda': 7.9378239445159124, 'model__subsample': 1.0}",gbdt,0.1,27,25,12.802402542703241,7.9378239445159124,1.0
0.863707412336231,0.0037896748125164324,"{'model__boosting_type': 'gbdt', 'model__learning_rate': 0.1, 'model__max_depth': 6, 'model__min_child_samples': 150, 'model__reg_alpha': 9.72683160839309, 'model__reg_lambda': 78.16217496474563, 'model__subsample': 1.0}",gbdt,0.1,6,150,9.72683160839309,78.16217496474563,1.0
0.8637038686396432,0.003811438369427066,"{'model__boosting_type': 'gbdt', 'model__learning_rate': 0.1, 'model__max_depth': 8, 'model__min_child_samples': 100, 'model__reg_alpha': 17.8123645177683, 'model__reg_lambda': 52.25615612742443, 'model__subsample': 1.0}",gbdt,0.1,8,100,17.8123645177683,52.25615612742443,1.0
0.8636925208585418,0.003901707260282688,"{'model__boosting_type': 'gbdt', 'model__learning_rate': 0.1, 'model__max_depth': 18, 'model__min_child_samples': 75, 'model__reg_alpha': 5.891347865492792, 'model__reg_lambda': 37.807807073530185, 'model__subsample': 1.0}",gbdt,0.1,18,75,5.891347865492792,37.807807073530185,1.0
0.863683144158528,0.0037070430371697032,"{'model__boosting_type': 'gbdt', 'model__learning_rate': 0.1, 'model__max_depth': 24, 'model__min_child_samples': 25, 'model__reg_alpha': 8.159817782596342, 'model__reg_lambda': 28.032495758912706, 'model__subsample': 1.0}",gbdt,0.1,24,25,8.159817782596342,28.032495758912706,1.0
0.8636664314808588,0.0038248207141400093,"{'model__boosting_type': 'gbdt', 'model__learning_rate': 0.1, 'model__max_depth': 8, 'model__min_child_samples': 25, 'model__reg_alpha': 10.287977524911827, 'model__reg_lambda': 49.731250879208936, 'model__subsample': 1.0}",gbdt,0.1,8,25,10.287977524911827,49.731250879208936,1.0
0.8636642594105794,0.003729843430798927,"{'model__boosting_type': 'gbdt', 'model__learning_rate': 0.1, 'model__max_depth': 6, 'model__min_child_samples': 100, 'model__reg_alpha': 12.542934282061111, 'model__reg_lambda': 19.156461020608816, 'model__subsample': 0.6}",gbdt,0.1,6,100,12.542934282061111,19.156461020608816,0.6
0.8636631694622251,0.00374683015136464,"{'model__boosting_type': 'gbdt', 'model__learning_rate': 0.1, 'model__max_depth': 7, 'model__min_child_samples': 25, 'model__reg_alpha': 30.137400990459234, 'model__reg_lambda': 23.28752236678475, 'model__subsample': 1.0}",gbdt,0.1,7,25,30.137400990459234,23.28752236678475,1.0
0.8636516826261156,0.0035455600934988737,"{'model__boosting_type': 'gbdt', 'model__learning_rate': 0.1, 'model__max_depth': 7, 'model__min_child_samples': 10, 'model__reg_alpha': 50.18166365458542, 'model__reg_lambda': 34.08803742304719, 'model__subsample': 1.0}",gbdt,0.1,7,10,50.18166365458542,34.08803742304719,1.0
0.8636378519865138,0.003597936308334096,"{'model__boosting_type': 'gbdt', 'model__learning_rate': 0.1, 'model__max_depth': 7, 'model__min_child_samples': 25, 'model__reg_alpha': 13.313913807910037, 'model__reg_lambda': 16.28051533094655, 'model__subsample': 1.0}",gbdt,0.1,7,25,13.313913807910037,16.28051533094655,1.0
0.8636332625068933,0.003868459894261955,"{'model__boosting_type': 'gbdt', 'model__learning_rate': 0.1, 'model__max_depth': 7, 'model__min_child_samples': 25, 'model__reg_alpha': 32.63280288656843, 'model__reg_lambda': 10.58332020180233, 'model__subsample': 1.0}",gbdt,0.1,7,25,32.63280288656843,10.58332020180233,1.0
0.8636288327001965,0.0038689996511045432,"{'model__boosting_type': 'gbdt', 'model__learning_rate': 0.1, 'model__max_depth': 16, 'model__min_child_samples': 25, 'model__reg_alpha': 24.619247605975694, 'model__reg_lambda': 3.5832381981649295, 'model__subsample': 0.7}",gbdt,0.1,16,25,24.619247605975694,3.5832381981649295,0.7
0.863609945798302,0.003993028099365074,"{'model__boosting_type': 'gbdt', 'model__learning_rate': 0.1, 'model__max_depth': 16, 'model__min_child_samples': 25, 'model__reg_alpha': 11.93779614852858, 'model__reg_lambda': 44.53923295051721, 'model__subsample': 1.0}",gbdt,0.1,16,25,11.93779614852858,44.53923295051721,1.0
0.8636024287614614,0.003986807467603299,"{'model__boosting_type': 'gbdt', 'model__learning_rate': 0.1, 'model__max_depth': 15, 'model__min_child_samples': 150, 'model__reg_alpha': 0.13859173676163447, 'model__reg_lambda': 92.91995147308147, 'model__subsample': 1.0}",gbdt,0.1,15,150,0.13859173676163447,92.91995147308147,1.0
0.8636010851801845,0.0035703677826829853,"{'model__boosting_type': 'gbdt', 'model__learning_rate': 0.1, 'model__max_depth': 25, 'model__min_child_samples': 50, 'model__reg_alpha': 33.656411737982545, 'model__reg_lambda': 56.791674909213356, 'model__subsample': 0.9}",gbdt,0.1,25,50,33.656411737982545,56.791674909213356,0.9
0.8635896518912116,0.00405022067392817,"{'model__boosting_type': 'gbdt', 'model__learning_rate': 0.1, 'model__max_depth': 15, 'model__min_child_samples': 150, 'model__reg_alpha': 14.134843844395412, 'model__reg_lambda': 87.21036845079362, 'model__subsample': 1.0}",gbdt,0.1,15,150,14.134843844395412,87.21036845079362,1.0
0.8635868590530427,0.0036789871846827755,"{'model__boosting_type': 'gbdt', 'model__learning_rate': 0.1, 'model__max_depth': 25, 'model__min_child_samples': 25, 'model__reg_alpha': 33.424391322457254, 'model__reg_lambda': 26.241724474431088, 'model__subsample': 1.0}",gbdt,0.1,25,25,33.424391322457254,26.241724474431088,1.0
0.8635861708812979,0.003681847855031388,"{'model__boosting_type': 'gbdt', 'model__learning_rate': 0.1, 'model__max_depth': 27, 'model__min_child_samples': 25, 'model__reg_alpha': 11.204683904291322, 'model__reg_lambda': 12.545706038651305, 'model__subsample': 0.8}",gbdt,0.1,27,25,11.204683904291322,12.545706038651305,0.8
0.8635860844192642,0.003966381546753764,"{'model__boosting_type': 'gbdt', 'model__learning_rate': 0.1, 'model__max_depth': 19, 'model__min_child_samples': 25, 'model__reg_alpha': 11.948353086386678, 'model__reg_lambda': 50.06947797941244, 'model__subsample': 0.9}",gbdt,0.1,19,25,11.948353086386678,50.06947797941244,0.9
0.8635686693130535,0.003744979460463265,"{'model__boosting_type': 'gbdt', 'model__learning_rate': 0.1, 'model__max_depth': 21, 'model__min_child_samples': 25, 'model__reg_alpha': 0.8343902713088376, 'model__reg_lambda': 21.94449698712387, 'model__subsample': 1.0}",gbdt,0.1,21,25,0.8343902713088376,21.94449698712387,1.0
0.8635658166996988,0.0039048918076041825,"{'model__boosting_type': 'gbdt', 'model__learning_rate': 0.1, 'model__max_depth': 13, 'model__min_child_samples': 150, 'model__reg_alpha': 6.473272018478293, 'model__reg_lambda': 65.12130794538098, 'model__subsample': 1.0}",gbdt,0.1,13,150,6.473272018478293,65.12130794538098,1.0
0.8635611491703099,0.003914063705787652,"{'model__boosting_type': 'gbdt', 'model__learning_rate': 0.1, 'model__max_depth': 27, 'model__min_child_samples': 75, 'model__reg_alpha': 15.212886882302342, 'model__reg_lambda': 24.87401462359982, 'model__subsample': 0.8}",gbdt,0.1,27,75,15.212886882302342,24.87401462359982,0.8
0.8635509015463908,0.003767481538953827,"{'model__boosting_type': 'gbdt', 'model__learning_rate': 0.1, 'model__max_depth': 9, 'model__min_child_samples': 25, 'model__reg_alpha': 5.182000459271993, 'model__reg_lambda': 35.661318099874755, 'model__subsample': 1.0}",gbdt,0.1,9,25,5.182000459271993,35.661318099874755,1.0
0.8635452491569253,0.0037731092601374448,"{'model__boosting_type': 'gbdt', 'model__learning_rate': 0.1, 'model__max_depth': 15, 'model__min_child_samples': 150, 'model__reg_alpha': 1.5589116843891402, 'model__reg_lambda': 97.82928628519102, 'model__subsample': 1.0}",gbdt,0.1,15,150,1.5589116843891402,97.82928628519102,1.0
0.8635402504792463,0.003672107039909525,"{'model__boosting_type': 'gbdt', 'model__learning_rate': 0.1, 'model__max_depth': 18, 'model__min_child_samples': 25, 'model__reg_alpha': 15.358753013110775, 'model__reg_lambda': 21.99662093333492, 'model__subsample': 1.0}",gbdt,0.1,18,25,15.358753013110775,21.99662093333492,1.0
0.8635082774371019,0.0037430861771377954,"{'model__boosting_type': 'gbdt', 'model__learning_rate': 0.1, 'model__max_depth': 15, 'model__min_child_samples': 150, 'model__reg_alpha': 3.892845446842628, 'model__reg_lambda': 91.40469218364245, 'model__subsample': 1.0}",gbdt,0.1,15,150,3.892845446842628,91.40469218364245,1.0
0.8635038236644126,0.0035135353374048084,"{'model__boosting_type': 'dart', 'model__learning_rate': 0.3, 'model__max_depth': 7, 'model__min_child_samples': 25, 'model__reg_alpha': 35.298899367586706, 'model__reg_lambda': 19.79636968510065, 'model__subsample': 1.0}",dart,0.3,7,25,35.298899367586706,19.79636968510065,1.0
0.8635003293754625,0.003747222765910175,"{'model__boosting_type': 'gbdt', 'model__learning_rate': 0.1, 'model__max_depth': 20, 'model__min_child_samples': 100, 'model__reg_alpha': 13.08550307326367, 'model__reg_lambda': 1.9910406329509627, 'model__subsample': 1.0}",gbdt,0.1,20,100,13.08550307326367,1.9910406329509627,1.0
0.8634767126834791,0.003347870068087187,"{'model__boosting_type': 'gbdt', 'model__learning_rate': 0.1, 'model__max_depth': 29, 'model__min_child_samples': 150, 'model__reg_alpha': 51.9103644360587, 'model__reg_lambda': 72.28578898338867, 'model__subsample': 0.6}",gbdt,0.1,29,150,51.9103644360587,72.28578898338867,0.6
0.8634713002204908,0.00340534836068101,"{'model__boosting_type': 'gbdt', 'model__learning_rate': 0.1, 'model__max_depth': 16, 'model__min_child_samples': 50, 'model__reg_alpha': 41.358176308627584, 'model__reg_lambda': 33.60384364784077, 'model__subsample': 0.6}",gbdt,0.1,16,50,41.358176308627584,33.60384364784077,0.6
0.8634691915170467,0.0037018240069133317,"{'model__boosting_type': 'gbdt', 'model__learning_rate': 0.1, 'model__max_depth': 9, 'model__min_child_samples': 75, 'model__reg_alpha': 40.039198608252214, 'model__reg_lambda': 57.53992009163872, 'model__subsample': 0.7}",gbdt,0.1,9,75,40.039198608252214,57.53992009163872,0.7
0.863468821633662,0.003766909424761118,"{'model__boosting_type': 'gbdt', 'model__learning_rate': 0.1, 'model__max_depth': 29, 'model__min_child_samples': 25, 'model__reg_alpha': 20.223651826821847, 'model__reg_lambda': 29.25870922359981, 'model__subsample': 1.0}",gbdt,0.1,29,25,20.223651826821847,29.25870922359981,1.0
0.8634645156683611,0.0033743502769286514,"{'model__boosting_type': 'gbdt', 'model__learning_rate': 0.1, 'model__max_depth': 5, 'model__min_child_samples': 25, 'model__reg_alpha': 19.695050979812088, 'model__reg_lambda': 29.812256745155018, 'model__subsample': 0.9}",gbdt,0.1,5,25,19.695050979812088,29.812256745155018,0.9
0.8634632577361018,0.003677083127217402,"{'model__boosting_type': 'gbdt', 'model__learning_rate': 0.1, 'model__max_depth': 24, 'model__min_child_samples': 25, 'model__reg_alpha': 2.5180476364897473, 'model__reg_lambda': 10.892346586972218, 'model__subsample': 1.0}",gbdt,0.1,24,25,2.5180476364897473,10.892346586972218,1.0
0.8634596498150777,0.0037354204762920892,"{'model__boosting_type': 'gbdt', 'model__learning_rate': 0.1, 'model__max_depth': 24, 'model__min_child_samples': 25, 'model__reg_alpha': 29.336047284454096, 'model__reg_lambda': 36.028951064743474, 'model__subsample': 0.7}",gbdt,0.1,24,25,29.336047284454096,36.028951064743474,0.7
0.8634561840500732,0.0037153881862285153,"{'model__boosting_type': 'gbdt', 'model__learning_rate': 0.1, 'model__max_depth': 17, 'model__min_child_samples': 150, 'model__reg_alpha': 21.294951136832793, 'model__reg_lambda': 85.36681668168946, 'model__subsample': 1.0}",gbdt,0.1,17,150,21.294951136832793,85.36681668168946,1.0
0.8634558230732358,0.0038187435718592187,"{'model__boosting_type': 'gbdt', 'model__learning_rate': 0.1, 'model__max_depth': 19, 'model__min_child_samples': 25, 'model__reg_alpha': 16.675432856086093, 'model__reg_lambda': 42.98531744519989, 'model__subsample': 1.0}",gbdt,0.1,19,25,16.675432856086093,42.98531744519989,1.0
0.863452482704506,0.0033962371946096226,"{'model__boosting_type': 'gbdt', 'model__learning_rate': 0.1, 'model__max_depth': 25, 'model__min_child_samples': 25, 'model__reg_alpha': 56.658536739864104, 'model__reg_lambda': 10.997661105244006, 'model__subsample': 1.0}",gbdt,0.1,25,25,56.658536739864104,10.997661105244006,1.0
0.8634462935870729,0.0034408602149322075,"{'model__boosting_type': 'gbdt', 'model__learning_rate': 0.1, 'model__max_depth': 11, 'model__min_child_samples': 25, 'model__reg_alpha': 60.550044691907374, 'model__reg_lambda': 6.7328292178377644, 'model__subsample': 1.0}",gbdt,0.1,11,25,60.550044691907374,6.7328292178377644,1.0
0.8634459820138272,0.003614073396504946,"{'model__boosting_type': 'gbdt', 'model__learning_rate': 0.1, 'model__max_depth': 7, 'model__min_child_samples': 100, 'model__reg_alpha': 69.0363285758699, 'model__reg_lambda': 6.523846464258106, 'model__subsample': 1.0}",gbdt,0.1,7,100,69.0363285758699,6.523846464258106,1.0
0.8634329965227213,0.003587979641536924,"{'model__boosting_type': 'gbdt', 'model__learning_rate': 0.1, 'model__max_depth': 24, 'model__min_child_samples': 25, 'model__reg_alpha': 30.088636078101448, 'model__reg_lambda': 38.94387377690042, 'model__subsample': 0.7}",gbdt,0.1,24,25,30.088636078101448,38.94387377690042,0.7
0.8634319219801899,0.003634187458362667,"{'model__boosting_type': 'gbdt', 'model__learning_rate': 0.1, 'model__max_depth': 25, 'model__min_child_samples': 75, 'model__reg_alpha': 50.47075021478406, 'model__reg_lambda': 19.671502356237443, 'model__subsample': 1.0}",gbdt,0.1,25,75,50.47075021478406,19.671502356237443,1.0
0.863430964029636,0.0038230510043740155,"{'model__boosting_type': 'gbdt', 'model__learning_rate': 0.1, 'model__max_depth': 27, 'model__min_child_samples': 25, 'model__reg_alpha': 9.958706230128426, 'model__reg_lambda': 77.00901615252795, 'model__subsample': 0.9}",gbdt,0.1,27,25,9.958706230128426,77.00901615252795,0.9
0.8634302710430919,0.0037387811293120264,"{'model__boosting_type': 'gbdt', 'model__learning_rate': 0.1, 'model__max_depth': 19, 'model__min_child_samples': 50, 'model__reg_alpha': 28.572979627862665, 'model__reg_lambda': 51.17104890288413, 'model__subsample': 0.8}",gbdt,0.1,19,50,28.572979627862665,51.17104890288413,0.8
0.8634189833703669,0.0035757234245852422,"{'model__boosting_type': 'gbdt', 'model__learning_rate': 0.1, 'model__max_depth': 25, 'model__min_child_samples': 75, 'model__reg_alpha': 32.24825016853508, 'model__reg_lambda': 69.89896965594599, 'model__subsample': 0.7}",gbdt,0.1,25,75,32.24825016853508,69.89896965594599,0.7
0.8634031821204792,0.00371408831100396,"{'model__boosting_type': 'gbdt', 'model__learning_rate': 0.1, 'model__max_depth': 18, 'model__min_child_samples': 50, 'model__reg_alpha': 22.19568770148143, 'model__reg_lambda': 59.91221262066462, 'model__subsample': 1.0}",gbdt,0.1,18,50,22.19568770148143,59.91221262066462,1.0
0.8633940734529352,0.0033893734421074585,"{'model__boosting_type': 'gbdt', 'model__learning_rate': 0.1, 'model__max_depth': 25, 'model__min_child_samples': 25, 'model__reg_alpha': 54.12684024064998, 'model__reg_lambda': 20.777987974752907, 'model__subsample': 0.9}",gbdt,0.1,25,25,54.12684024064998,20.777987974752907,0.9
0.8633937930936932,0.0038037401735787338,"{'model__boosting_type': 'gbdt', 'model__learning_rate': 0.1, 'model__max_depth': 21, 'model__min_child_samples': 150, 'model__reg_alpha': 26.986030232104362, 'model__reg_lambda': 64.34608125748599, 'model__subsample': 0.9}",gbdt,0.1,21,150,26.986030232104362,64.34608125748599,0.9
0.8633821176357757,0.0035856586307050444,"{'model__boosting_type': 'gbdt', 'model__learning_rate': 0.1, 'model__max_depth': 21, 'model__min_child_samples': 150, 'model__reg_alpha': 0.0005373446196177412, 'model__reg_lambda': 96.0506719926095, 'model__subsample': 1.0}",gbdt,0.1,21,150,0.0005373446196177412,96.0506719926095,1.0
0.8633681515783618,0.003411000478687393,"{'model__boosting_type': 'gbdt', 'model__learning_rate': 0.1, 'model__max_depth': 5, 'model__min_child_samples': 100, 'model__reg_alpha': 38.201433414334105, 'model__reg_lambda': 88.23818938175006, 'model__subsample': 0.9}",gbdt,0.1,5,100,38.201433414334105,88.23818938175006,0.9
0.8633611688025372,0.003925917106873937,"{'model__boosting_type': 'gbdt', 'model__learning_rate': 0.1, 'model__max_depth': 26, 'model__min_child_samples': 100, 'model__reg_alpha': 13.841556271991937, 'model__reg_lambda': 30.056615605655985, 'model__subsample': 1.0}",gbdt,0.1,26,100,13.841556271991937,30.056615605655985,1.0
0.8633564686127467,0.003824248765695135,"{'model__boosting_type': 'gbdt', 'model__learning_rate': 0.1, 'model__max_depth': 11, 'model__min_child_samples': 25, 'model__reg_alpha': 25.61041489641768, 'model__reg_lambda': 41.80728521310713, 'model__subsample': 1.0}",gbdt,0.1,11,25,25.61041489641768,41.80728521310713,1.0
0.863353802646342,0.0033920153856086353,"{'model__boosting_type': 'gbdt', 'model__learning_rate': 0.1, 'model__max_depth': 19, 'model__min_child_samples': 25, 'model__reg_alpha': 58.09312864389566, 'model__reg_lambda': 0.9214338421292219, 'model__subsample': 1.0}",gbdt,0.1,19,25,58.09312864389566,0.9214338421292219,1.0
0.86332109511086,0.003300147708916164,"{'model__boosting_type': 'gbdt', 'model__learning_rate': 0.1, 'model__max_depth': 28, 'model__min_child_samples': 50, 'model__reg_alpha': 61.70215458676219, 'model__reg_lambda': 67.22353449210114, 'model__subsample': 1.0}",gbdt,0.1,28,50,61.70215458676219,67.22353449210114,1.0
0.8633174023489666,0.003787477980749836,"{'model__boosting_type': 'gbdt', 'model__learning_rate': 0.1, 'model__max_depth': 15, 'model__min_child_samples': 150, 'model__reg_alpha': 11.143460618145289, 'model__reg_lambda': 81.47495560685128, 'model__subsample': 1.0}",gbdt,0.1,15,150,11.143460618145289,81.47495560685128,1.0
0.8632845199438576,0.003537790707530591,"{'model__boosting_type': 'gbdt', 'model__learning_rate': 0.1, 'model__max_depth': 29, 'model__min_child_samples': 10, 'model__reg_alpha': 54.7580328775957, 'model__reg_lambda': 1.1877968876635556, 'model__subsample': 0.8}",gbdt,0.1,29,10,54.7580328775957,1.1877968876635556,0.8
0.8632675301724207,0.0033807885803057484,"{'model__boosting_type': 'gbdt', 'model__learning_rate': 0.1, 'model__max_depth': 29, 'model__min_child_samples': 75, 'model__reg_alpha': 78.35346633686751, 'model__reg_lambda': 8.265781497057938, 'model__subsample': 0.6}",gbdt,0.1,29,75,78.35346633686751,8.265781497057938,0.6
0.8632665327618216,0.0033813994394935702,"{'model__boosting_type': 'gbdt', 'model__learning_rate': 0.1, 'model__max_depth': 17, 'model__min_child_samples': 150, 'model__reg_alpha': 81.2020196113691, 'model__reg_lambda': 62.27743727088031, 'model__subsample': 0.7}",gbdt,0.1,17,150,81.2020196113691,62.27743727088031,0.7
0.8632411604318116,0.0031170534397032897,"{'model__boosting_type': 'gbdt', 'model__learning_rate': 0.1, 'model__max_depth': 4, 'model__min_child_samples': 25, 'model__reg_alpha': 0.30496846766421193, 'model__reg_lambda': 17.77585504178592, 'model__subsample': 1.0}",gbdt,0.1,4,25,0.30496846766421193,17.77585504178592,1.0
0.8632218261575648,0.0033742651563131885,"{'model__boosting_type': 'gbdt', 'model__learning_rate': 0.1, 'model__max_depth': 20, 'model__min_child_samples': 75, 'model__reg_alpha': 66.90513084094339, 'model__reg_lambda': 68.32489113028623, 'model__subsample': 0.7}",gbdt,0.1,20,75,66.90513084094339,68.32489113028623,0.7
0.8631918714714875,0.0036806531066124197,"{'model__boosting_type': 'gbdt', 'model__learning_rate': 0.2, 'model__max_depth': 12, 'model__min_child_samples': 25, 'model__reg_alpha': 70.86303935014237, 'model__reg_lambda': 6.7631564376275435, 'model__subsample': 0.9}",gbdt,0.2,12,25,70.86303935014237,6.7631564376275435,0.9
0.8631534584667232,0.0037358361386564767,"{'model__boosting_type': 'gbdt', 'model__learning_rate': 0.2, 'model__max_depth': 23, 'model__min_child_samples': 10, 'model__reg_alpha': 72.27339853340595, 'model__reg_lambda': 0.03864258626355621, 'model__subsample': 0.9}",gbdt,0.2,23,10,72.27339853340595,0.03864258626355621,0.9
0.8631424688203984,0.0035821936202432183,"{'model__boosting_type': 'gbdt', 'model__learning_rate': 0.1, 'model__max_depth': 17, 'model__min_child_samples': 50, 'model__reg_alpha': 56.960263003394886, 'model__reg_lambda': 36.24337738215457, 'model__subsample': 0.9}",gbdt,0.1,17,50,56.960263003394886,36.24337738215457,0.9
0.8631214944827441,0.0037267850363042823,"{'model__boosting_type': 'dart', 'model__learning_rate': 0.3, 'model__max_depth': 22, 'model__min_child_samples': 75, 'model__reg_alpha': 74.878316208181, 'model__reg_lambda': 42.929140390268685, 'model__subsample': 0.8}",dart,0.3,22,75,74.878316208181,42.929140390268685,0.8
0.8630645272106456,0.003747576926001813,"{'model__boosting_type': 'dart', 'model__learning_rate': 0.2, 'model__max_depth': 11, 'model__min_child_samples': 25, 'model__reg_alpha': 30.79646931882057, 'model__reg_lambda': 14.212184566591414, 'model__subsample': 1.0}",dart,0.2,11,25,30.79646931882057,14.212184566591414,1.0
0.8629802496310232,0.003772588215144631,"{'model__boosting_type': 'gbdt', 'model__learning_rate': 0.2, 'model__max_depth': 7, 'model__min_child_samples': 75, 'model__reg_alpha': 45.342985435968785, 'model__reg_lambda': 66.06296496459652, 'model__subsample': 1.0}",gbdt,0.2,7,75,45.342985435968785,66.06296496459652,1.0
0.8628740980747711,0.0034397014683789856,"{'model__boosting_type': 'dart', 'model__learning_rate': 0.2, 'model__max_depth': 6, 'model__min_child_samples': 50, 'model__reg_alpha': 34.305065202457364, 'model__reg_lambda': 74.57555506598274, 'model__subsample': 0.9}",dart,0.2,6,50,34.305065202457364,74.57555506598274,0.9
0.8628537442933654,0.003669890684669451,"{'model__boosting_type': 'gbdt', 'model__learning_rate': 0.3, 'model__max_depth': 17, 'model__min_child_samples': 10, 'model__reg_alpha': 73.79435692620116, 'model__reg_lambda': 46.30539886094027, 'model__subsample': 0.9}",gbdt,0.3,17,10,73.79435692620116,46.30539886094027,0.9
0.8628241967871254,0.003921142000666926,"{'model__boosting_type': 'dart', 'model__learning_rate': 0.2, 'model__max_depth': 18, 'model__min_child_samples': 10, 'model__reg_alpha': 10.477185902225585, 'model__reg_lambda': 73.55787280537982, 'model__subsample': 0.8}",dart,0.2,18,10,10.477185902225585,73.55787280537982,0.8
0.8627664344725277,0.003652282079492753,"{'model__boosting_type': 'gbdt', 'model__learning_rate': 0.2, 'model__max_depth': 21, 'model__min_child_samples': 10, 'model__reg_alpha': 43.586891473515536, 'model__reg_lambda': 61.691526391633545, 'model__subsample': 0.6}",gbdt,0.2,21,10,43.586891473515536,61.691526391633545,0.6
0.8626944608303919,0.003912515687375027,"{'model__boosting_type': 'gbdt', 'model__learning_rate': 0.05, 'model__max_depth': 20, 'model__min_child_samples': 25, 'model__reg_alpha': 0.0013073555345144428, 'model__reg_lambda': 25.57631656023299, 'model__subsample': 1.0}",gbdt,0.05,20,25,0.0013073555345144428,25.57631656023299,1.0
0.862670371078188,0.003628832893006484,"{'model__boosting_type': 'gbdt', 'model__learning_rate': 0.05, 'model__max_depth': 21, 'model__min_child_samples': 25, 'model__reg_alpha': 0.4544830750374569, 'model__reg_lambda': 69.91411632514651, 'model__subsample': 0.9}",gbdt,0.05,21,25,0.4544830750374569,69.91411632514651,0.9
0.8626453914691332,0.0038326642997860037,"{'model__boosting_type': 'gbdt', 'model__learning_rate': 0.2, 'model__max_depth': 23, 'model__min_child_samples': 100, 'model__reg_alpha': 36.93995871573272, 'model__reg_lambda': 44.99754338283206, 'model__subsample': 1.0}",gbdt,0.2,23,100,36.93995871573272,44.99754338283206,1.0
0.8626308844376173,0.0035992473411748534,"{'model__boosting_type': 'gbdt', 'model__learning_rate': 0.2, 'model__max_depth': 14, 'model__min_child_samples': 75, 'model__reg_alpha': 37.446786376011644, 'model__reg_lambda': 92.65366322180725, 'model__subsample': 0.6}",gbdt,0.2,14,75,37.446786376011644,92.65366322180725,0.6
0.8625974369743755,0.0035504091260897546,"{'model__boosting_type': 'gbdt', 'model__learning_rate': 0.2, 'model__max_depth': 7, 'model__min_child_samples': 25, 'model__reg_alpha': 20.872649186496762, 'model__reg_lambda': 15.716392003521305, 'model__subsample': 1.0}",gbdt,0.2,7,25,20.872649186496762,15.716392003521305,1.0
0.8625537004460464,0.003718659896571967,"{'model__boosting_type': 'gbdt', 'model__learning_rate': 0.05, 'model__max_depth': 23, 'model__min_child_samples': 25, 'model__reg_alpha': 22.90552319719109, 'model__reg_lambda': 3.381884945969775, 'model__subsample': 1.0}",gbdt,0.05,23,25,22.90552319719109,3.381884945969775,1.0
0.8625123465180724,0.0042026675419086475,"{'model__boosting_type': 'gbdt', 'model__learning_rate': 0.3, 'model__max_depth': 5, 'model__min_child_samples': 25, 'model__reg_alpha': 46.671977177440624, 'model__reg_lambda': 18.71824245740447, 'model__subsample': 1.0}",gbdt,0.3,5,25,46.671977177440624,18.71824245740447,1.0
0.8625016980838156,0.004000907474238957,"{'model__boosting_type': 'gbdt', 'model__learning_rate': 0.2, 'model__max_depth': 11, 'model__min_child_samples': 150, 'model__reg_alpha': 23.422553317931587, 'model__reg_lambda': 40.76946402122169, 'model__subsample': 0.6}",gbdt,0.2,11,150,23.422553317931587,40.76946402122169,0.6
0.8624972214817005,0.0036053327984202814,"{'model__boosting_type': 'gbdt', 'model__learning_rate': 0.05, 'model__max_depth': 22, 'model__min_child_samples': 100, 'model__reg_alpha': 18.777487575294728, 'model__reg_lambda': 27.574444840384203, 'model__subsample': 0.8}",gbdt,0.05,22,100,18.777487575294728,27.574444840384203,0.8
0.8624583865568567,0.0038478700931055864,"{'model__boosting_type': 'gbdt', 'model__learning_rate': 0.3, 'model__max_depth': 6, 'model__min_child_samples': 50, 'model__reg_alpha': 47.87438448523555, 'model__reg_lambda': 48.371927789415636, 'model__subsample': 0.7}",gbdt,0.3,6,50,47.87438448523555,48.371927789415636,0.7
0.862371799328842,0.003723599074465713,"{'model__boosting_type': 'gbdt', 'model__learning_rate': 0.2, 'model__max_depth': 29, 'model__min_child_samples': 25, 'model__reg_alpha': 42.63413739291703, 'model__reg_lambda': 7.89493498127915, 'model__subsample': 0.7}",gbdt,0.2,29,25,42.63413739291703,7.89493498127915,0.7
0.862351622383793,0.0036531378787258185,"{'model__boosting_type': 'gbdt', 'model__learning_rate': 0.2, 'model__max_depth': 9, 'model__min_child_samples': 10, 'model__reg_alpha': 27.501628355384234, 'model__reg_lambda': 39.181599934365906, 'model__subsample': 1.0}",gbdt,0.2,9,10,27.501628355384234,39.181599934365906,1.0
0.8622894594772939,0.0038225239285167053,"{'model__boosting_type': 'gbdt', 'model__learning_rate': 0.05, 'model__max_depth': 16, 'model__min_child_samples': 75, 'model__reg_alpha': 19.062367525946257, 'model__reg_lambda': 43.63617165750891, 'model__subsample': 1.0}",gbdt,0.05,16,75,19.062367525946257,43.63617165750891,1.0
0.86224431887795,0.0040282969336283055,"{'model__boosting_type': 'gbdt', 'model__learning_rate': 0.2, 'model__max_depth': 19, 'model__min_child_samples': 25, 'model__reg_alpha': 31.058068167418835, 'model__reg_lambda': 31.947895829163105, 'model__subsample': 0.8}",gbdt,0.2,19,25,31.058068167418835,31.947895829163105,0.8
0.8621931833135232,0.0040168739542725315,"{'model__boosting_type': 'gbdt', 'model__learning_rate': 0.2, 'model__max_depth': 23, 'model__min_child_samples': 50, 'model__reg_alpha': 26.26539561053202, 'model__reg_lambda': 28.63885891617734, 'model__subsample': 1.0}",gbdt,0.2,23,50,26.26539561053202,28.63885891617734,1.0
0.8621461617645897,0.003717223633624222,"{'model__boosting_type': 'gbdt', 'model__learning_rate': 0.05, 'model__max_depth': 28, 'model__min_child_samples': 50, 'model__reg_alpha': 36.220807556431176, 'model__reg_lambda': 0.1310285243649325, 'model__subsample': 1.0}",gbdt,0.05,28,50,36.220807556431176,0.1310285243649325,1.0
0.8621349319422598,0.0035132097108508484,"{'model__boosting_type': 'gbdt', 'model__learning_rate': 0.05, 'model__max_depth': 15, 'model__min_child_samples': 75, 'model__reg_alpha': 20.593375038757966, 'model__reg_lambda': 54.23439117323605, 'model__subsample': 1.0}",gbdt,0.05,15,75,20.593375038757966,54.23439117323605,1.0
0.8621211072585415,0.003925676294079894,"{'model__boosting_type': 'gbdt', 'model__learning_rate': 0.2, 'model__max_depth': 14, 'model__min_child_samples': 100, 'model__reg_alpha': 36.808277404171065, 'model__reg_lambda': 11.626315721808155, 'model__subsample': 0.7}",gbdt,0.2,14,100,36.808277404171065,11.626315721808155,0.7
0.8619242874457165,0.003580986496397966,"{'model__boosting_type': 'gbdt', 'model__learning_rate': 0.05, 'model__max_depth': 7, 'model__min_child_samples': 25, 'model__reg_alpha': 37.97359918917151, 'model__reg_lambda': 17.39056820757255, 'model__subsample': 1.0}",gbdt,0.05,7,25,37.97359918917151,17.39056820757255,1.0
0.8618868509563551,0.0035811511982450713,"{'model__boosting_type': 'gbdt', 'model__learning_rate': 0.05, 'model__max_depth': 12, 'model__min_child_samples': 25, 'model__reg_alpha': 31.53530735418051, 'model__reg_lambda': 47.66010895332189, 'model__subsample': 1.0}",gbdt,0.05,12,25,31.53530735418051,47.66010895332189,1.0
0.8618622374738922,0.0034546994276461805,"{'model__boosting_type': 'dart', 'model__learning_rate': 0.2, 'model__max_depth': 26, 'model__min_child_samples': 75, 'model__reg_alpha': 86.09343460681542, 'model__reg_lambda': 9.921239198380405, 'model__subsample': 0.6}",dart,0.2,26,75,86.09343460681542,9.921239198380405,0.6
0.861784540057525,0.00339508269598464,"{'model__boosting_type': 'gbdt', 'model__learning_rate': 0.2, 'model__max_depth': 25, 'model__min_child_samples': 10, 'model__reg_alpha': 30.218421516897045, 'model__reg_lambda': 9.092678722537038, 'model__subsample': 0.8}",gbdt,0.2,25,10,30.218421516897045,9.092678722537038,0.8
0.8616829987419875,0.003601847646797946,"{'model__boosting_type': 'gbdt', 'model__learning_rate': 0.05, 'model__max_depth': 11, 'model__min_child_samples': 75, 'model__reg_alpha': 42.945589322581974, 'model__reg_lambda': 34.31079301833985, 'model__subsample': 1.0}",gbdt,0.05,11,75,42.945589322581974,34.31079301833985,1.0
0.8616156118768574,0.003459707955059106,"{'model__boosting_type': 'gbdt', 'model__learning_rate': 0.2, 'model__max_depth': 17, 'model__min_child_samples': 100, 'model__reg_alpha': 19.0496195178539, 'model__reg_lambda': 18.933342815492693, 'model__subsample': 0.7}",gbdt,0.2,17,100,19.0496195178539,18.933342815492693,0.7
0.8615140836104077,0.003350793286102308,"{'model__boosting_type': 'dart', 'model__learning_rate': 0.1, 'model__max_depth': 14, 'model__min_child_samples': 10, 'model__reg_alpha': 9.660549795352143, 'model__reg_lambda': 35.565698149750496, 'model__subsample': 0.8}",dart,0.1,14,10,9.660549795352143,35.565698149750496,0.8
0.861436475404304,0.00353290699089723,"{'model__boosting_type': 'gbdt', 'model__learning_rate': 0.05, 'model__max_depth': 28, 'model__min_child_samples': 50, 'model__reg_alpha': 46.560116934614804, 'model__reg_lambda': 48.5908985912063, 'model__subsample': 0.9}",gbdt,0.05,28,50,46.560116934614804,48.5908985912063,0.9
0.8614355087706237,0.0034996913594305627,"{'model__boosting_type': 'gbdt', 'model__learning_rate': 0.1, 'model__max_depth': 3, 'model__min_child_samples': 150, 'model__reg_alpha': 25.727201887728715, 'model__reg_lambda': 43.40281636367084, 'model__subsample': 0.9}",gbdt,0.1,3,150,25.727201887728715,43.40281636367084,0.9
0.8613915001051747,0.003908595473304136,"{'model__boosting_type': 'gbdt', 'model__learning_rate': 0.2, 'model__max_depth': 26, 'model__min_child_samples': 75, 'model__reg_alpha': 2.4106977595413923, 'model__reg_lambda': 24.112195290321534, 'model__subsample': 0.7}",gbdt,0.2,26,75,2.4106977595413923,24.112195290321534,0.7
0.8613140182668122,0.0034202882302236874,"{'model__boosting_type': 'dart', 'model__learning_rate': 0.1, 'model__max_depth': 10, 'model__min_child_samples': 25, 'model__reg_alpha': 7.2841325894786335, 'model__reg_lambda': 25.444761048883073, 'model__subsample': 0.8}",dart,0.1,10,25,7.2841325894786335,25.444761048883073,0.8
0.8612546275196081,0.0033512880010075083,"{'model__boosting_type': 'dart', 'model__learning_rate': 0.1, 'model__max_depth': 15, 'model__min_child_samples': 75, 'model__reg_alpha': 3.720527959882844, 'model__reg_lambda': 53.11131324334692, 'model__subsample': 0.9}",dart,0.1,15,75,3.720527959882844,53.11131324334692,0.9
0.8611981034371151,0.003609789375845604,"{'model__boosting_type': 'dart', 'model__learning_rate': 0.1, 'model__max_depth': 25, 'model__min_child_samples': 25, 'model__reg_alpha': 20.145403136739404, 'model__reg_lambda': 20.05167778446078, 'model__subsample': 1.0}",dart,0.1,25,25,20.145403136739404,20.05167778446078,1.0
0.8611853883388687,0.0034081698256580384,"{'model__boosting_type': 'gbdt', 'model__learning_rate': 0.05, 'model__max_depth': 17, 'model__min_child_samples': 25, 'model__reg_alpha': 65.84209789059332, 'model__reg_lambda': 23.075888863055173, 'model__subsample': 1.0}",gbdt,0.05,17,25,65.84209789059332,23.075888863055173,1.0
0.8611357257316605,0.003425101454348888,"{'model__boosting_type': 'gbdt', 'model__learning_rate': 0.05, 'model__max_depth': 6, 'model__min_child_samples': 25, 'model__reg_alpha': 45.17286027011808, 'model__reg_lambda': 26.108841518980753, 'model__subsample': 1.0}",gbdt,0.05,6,25,45.17286027011808,26.108841518980753,1.0
0.8611315526157899,0.0035778182710151374,"{'model__boosting_type': 'dart', 'model__learning_rate': 0.1, 'model__max_depth': 14, 'model__min_child_samples': 25, 'model__reg_alpha': 15.900492354553464, 'model__reg_lambda': 17.05546833679894, 'model__subsample': 1.0}",dart,0.1,14,25,15.900492354553464,17.05546833679894,1.0
0.8610840873910505,0.0033581426766427307,"{'model__boosting_type': 'gbdt', 'model__learning_rate': 0.1, 'model__max_depth': 3, 'model__min_child_samples': 25, 'model__reg_alpha': 44.676046055836544, 'model__reg_lambda': 30.010219024403213, 'model__subsample': 1.0}",gbdt,0.1,3,25,44.676046055836544,30.010219024403213,1.0
0.8607539680033767,0.0034156768824668894,"{'model__boosting_type': 'dart', 'model__learning_rate': 0.1, 'model__max_depth': 23, 'model__min_child_samples': 75, 'model__reg_alpha': 3.3003520524147127, 'model__reg_lambda': 99.4867392190629, 'model__subsample': 1.0}",dart,0.1,23,75,3.3003520524147127,99.4867392190629,1.0
0.8606918381938151,0.003867394742838573,"{'model__boosting_type': 'gbdt', 'model__learning_rate': 0.3, 'model__max_depth': 17, 'model__min_child_samples': 100, 'model__reg_alpha': 7.464196842676662, 'model__reg_lambda': 99.03082265581644, 'model__subsample': 1.0}",gbdt,0.3,17,100,7.464196842676662,99.03082265581644,1.0
0.8606739635325619,0.00396238861532916,"{'model__boosting_type': 'gbdt', 'model__learning_rate': 0.3, 'model__max_depth': 23, 'model__min_child_samples': 75, 'model__reg_alpha': 22.0874940032418, 'model__reg_lambda': 60.16160567049631, 'model__subsample': 0.7}",gbdt,0.3,23,75,22.0874940032418,60.16160567049631,0.7
0.8606691844638548,0.003472725940638525,"{'model__boosting_type': 'gbdt', 'model__learning_rate': 0.3, 'model__max_depth': 8, 'model__min_child_samples': 50, 'model__reg_alpha': 19.07494003965823, 'model__reg_lambda': 40.56355859447489, 'model__subsample': 0.9}",gbdt,0.3,8,50,19.07494003965823,40.56355859447489,0.9
0.8606233011631031,0.0035064471661497695,"{'model__boosting_type': 'dart', 'model__learning_rate': 0.1, 'model__max_depth': 7, 'model__min_child_samples': 10, 'model__reg_alpha': 17.507155182222384, 'model__reg_lambda': 54.28395500179038, 'model__subsample': 0.9}",dart,0.1,7,10,17.507155182222384,54.28395500179038,0.9
0.8605512154699456,0.003327770396693788,"{'model__boosting_type': 'dart', 'model__learning_rate': 0.1, 'model__max_depth': 9, 'model__min_child_samples': 25, 'model__reg_alpha': 19.572519521068386, 'model__reg_lambda': 72.191267584716, 'model__subsample': 0.7}",dart,0.1,9,25,19.572519521068386,72.191267584716,0.7
0.8604843042910305,0.004079122367216321,"{'model__boosting_type': 'gbdt', 'model__learning_rate': 0.3, 'model__max_depth': 24, 'model__min_child_samples': 100, 'model__reg_alpha': 41.06520613414712, 'model__reg_lambda': 34.306502519327324, 'model__subsample': 1.0}",gbdt,0.3,24,100,41.06520613414712,34.306502519327324,1.0
0.8603988590979725,0.003517879686926694,"{'model__boosting_type': 'gbdt', 'model__learning_rate': 0.1, 'model__max_depth': 3, 'model__min_child_samples': 150, 'model__reg_alpha': 96.00878378655929, 'model__reg_lambda': 36.9164634895199, 'model__subsample': 0.7}",gbdt,0.1,3,150,96.00878378655929,36.9164634895199,0.7
0.8602868445205095,0.00328903846239161,"{'model__boosting_type': 'gbdt', 'model__learning_rate': 0.03, 'model__max_depth': 15, 'model__min_child_samples': 75, 'model__reg_alpha': 0.18178365321919188, 'model__reg_lambda': 51.90681121194958, 'model__subsample': 0.6}",gbdt,0.03,15,75,0.18178365321919188,51.90681121194958,0.6
0.8602503160608099,0.0035664335000666703,"{'model__boosting_type': 'gbdt', 'model__learning_rate': 0.3, 'model__max_depth': 26, 'model__min_child_samples': 10, 'model__reg_alpha': 18.44997667537133, 'model__reg_lambda': 21.81624719329762, 'model__subsample': 0.8}",gbdt,0.3,26,10,18.44997667537133,21.81624719329762,0.8
0.8602439776587365,0.003452493405492417,"{'model__boosting_type': 'gbdt', 'model__learning_rate': 0.03, 'model__max_depth': 13, 'model__min_child_samples': 25, 'model__reg_alpha': 14.167515029631268, 'model__reg_lambda': 16.54135402094486, 'model__subsample': 0.7}",gbdt,0.03,13,25,14.167515029631268,16.54135402094486,0.7
0.8601995238540772,0.003932194998065211,"{'model__boosting_type': 'gbdt', 'model__learning_rate': 0.3, 'model__max_depth': 14, 'model__min_child_samples': 100, 'model__reg_alpha': 17.07386262210283, 'model__reg_lambda': 62.982326863333576, 'model__subsample': 1.0}",gbdt,0.3,14,100,17.07386262210283,62.982326863333576,1.0
0.8601648892655861,0.0033959422189372627,"{'model__boosting_type': 'dart', 'model__learning_rate': 0.1, 'model__max_depth': 9, 'model__min_child_samples': 25, 'model__reg_alpha': 39.610413748374924, 'model__reg_lambda': 21.48519598189811, 'model__subsample': 1.0}",dart,0.1,9,25,39.610413748374924,21.48519598189811,1.0
0.8601402818894641,0.003267159104386034,"{'model__boosting_type': 'gbdt', 'model__learning_rate': 0.05, 'model__max_depth': 6, 'model__min_child_samples': 150, 'model__reg_alpha': 89.64179680799482, 'model__reg_lambda': 31.49009514800194, 'model__subsample': 0.6}",gbdt,0.05,6,150,89.64179680799482,31.49009514800194,0.6
0.8601356679380224,0.004231571632273104,"{'model__boosting_type': 'gbdt', 'model__learning_rate': 0.3, 'model__max_depth': 12, 'model__min_child_samples': 25, 'model__reg_alpha': 16.907274178492926, 'model__reg_lambda': 21.12223321923752, 'model__subsample': 1.0}",gbdt,0.3,12,25,16.907274178492926,21.12223321923752,1.0
0.8599228779481486,0.0033235669411293255,"{'model__boosting_type': 'gbdt', 'model__learning_rate': 0.03, 'model__max_depth': 10, 'model__min_child_samples': 25, 'model__reg_alpha': 22.638975482757466, 'model__reg_lambda': 31.926591584124864, 'model__subsample': 0.6}",gbdt,0.03,10,25,22.638975482757466,31.926591584124864,0.6
0.8599192152457101,0.003334578840233368,"{'model__boosting_type': 'gbdt', 'model__learning_rate': 0.03, 'model__max_depth': 10, 'model__min_child_samples': 100, 'model__reg_alpha': 7.290518871036607, 'model__reg_lambda': 55.37264970858709, 'model__subsample': 0.9}",gbdt,0.03,10,100,7.290518871036607,55.37264970858709,0.9
0.859918513860847,0.0033352460294090495,"{'model__boosting_type': 'gbdt', 'model__learning_rate': 0.03, 'model__max_depth': 7, 'model__min_child_samples': 25, 'model__reg_alpha': 26.22319871123819, 'model__reg_lambda': 9.915604533181881, 'model__subsample': 1.0}",gbdt,0.03,7,25,26.22319871123819,9.915604533181881,1.0
0.8598379896475304,0.0033232351193310953,"{'model__boosting_type': 'gbdt', 'model__learning_rate': 0.03, 'model__max_depth': 21, 'model__min_child_samples': 75, 'model__reg_alpha': 8.814049793180294, 'model__reg_lambda': 58.51382550156933, 'model__subsample': 0.9}",gbdt,0.03,21,75,8.814049793180294,58.51382550156933,0.9
0.8597774438594353,0.0033316287342788006,"{'model__boosting_type': 'gbdt', 'model__learning_rate': 0.03, 'model__max_depth': 25, 'model__min_child_samples': 25, 'model__reg_alpha': 27.794927975890793, 'model__reg_lambda': 14.723853933162282, 'model__subsample': 1.0}",gbdt,0.03,25,25,27.794927975890793,14.723853933162282,1.0
0.8597308731892437,0.003422456714365925,"{'model__boosting_type': 'gbdt', 'model__learning_rate': 0.03, 'model__max_depth': 10, 'model__min_child_samples': 10, 'model__reg_alpha': 14.256969414190863, 'model__reg_lambda': 59.95606022900121, 'model__subsample': 1.0}",gbdt,0.03,10,10,14.256969414190863,59.95606022900121,1.0
0.8595679365053742,0.004008234083508069,"{'model__boosting_type': 'gbdt', 'model__learning_rate': 0.3, 'model__max_depth': 25, 'model__min_child_samples': 150, 'model__reg_alpha': 17.477510748764026, 'model__reg_lambda': 31.61308517080232, 'model__subsample': 0.6}",gbdt,0.3,25,150,17.477510748764026,31.61308517080232,0.6
0.859564354781847,0.0036485156879138983,"{'model__boosting_type': 'gbdt', 'model__learning_rate': 0.3, 'model__max_depth': 22, 'model__min_child_samples': 10, 'model__reg_alpha': 5.766285041418144, 'model__reg_lambda': 64.23784458096951, 'model__subsample': 0.9}",gbdt,0.3,22,10,5.766285041418144,64.23784458096951,0.9
0.8594994470227346,0.0034468216384369423,"{'model__boosting_type': 'gbdt', 'model__learning_rate': 0.05, 'model__max_depth': 4, 'model__min_child_samples': 10, 'model__reg_alpha': 8.334782348465104, 'model__reg_lambda': 14.529474353749002, 'model__subsample': 0.9}",gbdt,0.05,4,10,8.334782348465104,14.529474353749002,0.9
0.859475355776946,0.0033659180683307238,"{'model__boosting_type': 'dart', 'model__learning_rate': 0.1, 'model__max_depth': 17, 'model__min_child_samples': 150, 'model__reg_alpha': 44.676361602012925, 'model__reg_lambda': 80.39430556039238, 'model__subsample': 0.9}",dart,0.1,17,150,44.676361602012925,80.39430556039238,0.9
0.8593223315290516,0.003416591274532237,"{'model__boosting_type': 'gbdt', 'model__learning_rate': 0.03, 'model__max_depth': 18, 'model__min_child_samples': 100, 'model__reg_alpha': 36.94659289184137, 'model__reg_lambda': 42.72659343934766, 'model__subsample': 1.0}",gbdt,0.03,18,100,36.94659289184137,42.72659343934766,1.0
0.8592543535751721,0.0034740629268588214,"{'model__boosting_type': 'gbdt', 'model__learning_rate': 0.03, 'model__max_depth': 22, 'model__min_child_samples': 25, 'model__reg_alpha': 35.091915421760056, 'model__reg_lambda': 39.361508678285404, 'model__subsample': 0.6}",gbdt,0.03,22,25,35.091915421760056,39.361508678285404,0.6
0.8592026871873297,0.003702889880366256,"{'model__boosting_type': 'gbdt', 'model__learning_rate': 0.3, 'model__max_depth': 8, 'model__min_child_samples': 25, 'model__reg_alpha': 6.2767337873102695, 'model__reg_lambda': 32.437028425392526, 'model__subsample': 0.6}",gbdt,0.3,8,25,6.2767337873102695,32.437028425392526,0.6
0.85916174617733,0.003989427589924558,"{'model__boosting_type': 'gbdt', 'model__learning_rate': 0.3, 'model__max_depth': 25, 'model__min_child_samples': 25, 'model__reg_alpha': 2.017848953756083, 'model__reg_lambda': 33.89920028240151, 'model__subsample': 0.8}",gbdt,0.3,25,25,2.017848953756083,33.89920028240151,0.8
0.8590542387568897,0.003344184600640989,"{'model__boosting_type': 'gbdt', 'model__learning_rate': 0.03, 'model__max_depth': 15, 'model__min_child_samples': 150, 'model__reg_alpha': 29.272875863551718, 'model__reg_lambda': 83.65097838090239, 'model__subsample': 0.8}",gbdt,0.03,15,150,29.272875863551718,83.65097838090239,0.8
0.8590151563829315,0.003496382613549637,"{'model__boosting_type': 'gbdt', 'model__learning_rate': 0.03, 'model__max_depth': 25, 'model__min_child_samples': 25, 'model__reg_alpha': 33.69683960432152, 'model__reg_lambda': 76.02529057255288, 'model__subsample': 1.0}",gbdt,0.03,25,25,33.69683960432152,76.02529057255288,1.0
0.858971367454884,0.004030634603347176,"{'model__boosting_type': 'gbdt', 'model__learning_rate': 0.3, 'model__max_depth': 25, 'model__min_child_samples': 25, 'model__reg_alpha': 6.922527190754314, 'model__reg_lambda': 18.359533476097166, 'model__subsample': 1.0}",gbdt,0.3,25,25,6.922527190754314,18.359533476097166,1.0
0.8586012795684977,0.0036621282929031112,"{'model__boosting_type': 'dart', 'model__learning_rate': 0.1, 'model__max_depth': 16, 'model__min_child_samples': 10, 'model__reg_alpha': 93.81806490254235, 'model__reg_lambda': 3.3826409849052053, 'model__subsample': 0.7}",dart,0.1,16,10,93.81806490254235,3.3826409849052053,0.7
0.858595416667397,0.003996833331281282,"{'model__boosting_type': 'gbdt', 'model__learning_rate': 0.3, 'model__max_depth': 19, 'model__min_child_samples': 100, 'model__reg_alpha': 11.116949299858252, 'model__reg_lambda': 10.3608196566287, 'model__subsample': 1.0}",gbdt,0.3,19,100,11.116949299858252,10.3608196566287,1.0
0.8585472436667823,0.0034334669982663338,"{'model__boosting_type': 'dart', 'model__learning_rate': 0.1, 'model__max_depth': 9, 'model__min_child_samples': 50, 'model__reg_alpha': 80.79221496042332, 'model__reg_lambda': 49.77197866116154, 'model__subsample': 0.7}",dart,0.1,9,50,80.79221496042332,49.77197866116154,0.7
0.858489256519184,0.00347252337195969,"{'model__boosting_type': 'dart', 'model__learning_rate': 0.1, 'model__max_depth': 22, 'model__min_child_samples': 75, 'model__reg_alpha': 88.3272433024268, 'model__reg_lambda': 56.20647884801963, 'model__subsample': 1.0}",dart,0.1,22,75,88.3272433024268,56.20647884801963,1.0
0.8584215718981504,0.003442775426227948,"{'model__boosting_type': 'gbdt', 'model__learning_rate': 0.03, 'model__max_depth': 28, 'model__min_child_samples': 100, 'model__reg_alpha': 54.08350575988692, 'model__reg_lambda': 56.14414795054794, 'model__subsample': 0.9}",gbdt,0.03,28,100,54.08350575988692,56.14414795054794,0.9
0.8583960349736237,0.003581875786814342,"{'model__boosting_type': 'gbdt', 'model__learning_rate': 0.03, 'model__max_depth': 28, 'model__min_child_samples': 10, 'model__reg_alpha': 63.24727334635625, 'model__reg_lambda': 37.563554151255914, 'model__subsample': 0.7}",gbdt,0.03,28,10,63.24727334635625,37.563554151255914,0.7
0.8582280190335532,0.0034389744129811146,"{'model__boosting_type': 'dart', 'model__learning_rate': 0.05, 'model__max_depth': 26, 'model__min_child_samples': 150, 'model__reg_alpha': 3.9332571492062574, 'model__reg_lambda': 24.552893777281792, 'model__subsample': 1.0}",dart,0.05,26,150,3.9332571492062574,24.552893777281792,1.0
0.8567055346465955,0.0036585018239763726,"{'model__boosting_type': 'gbdt', 'model__learning_rate': 0.05, 'model__max_depth': 3, 'model__min_child_samples': 25, 'model__reg_alpha': 6.235737838617839, 'model__reg_lambda': 48.10049440973519, 'model__subsample': 0.8}",gbdt,0.05,3,25,6.235737838617839,48.10049440973519,0.8
0.856161049488372,0.003032778907403046,"{'model__boosting_type': 'gbdt', 'model__learning_rate': 0.01, 'model__max_depth': 8, 'model__min_child_samples': 25, 'model__reg_alpha': 13.270591248390362, 'model__reg_lambda': 5.996419496432102, 'model__subsample': 1.0}",gbdt,0.01,8,25,13.270591248390362,5.996419496432102,1.0
0.8556795947550786,0.003287320602783539,"{'model__boosting_type': 'dart', 'model__learning_rate': 0.03, 'model__max_depth': 12, 'model__min_child_samples': 25, 'model__reg_alpha': 28.921400347552463, 'model__reg_lambda': 24.273878013548682, 'model__subsample': 1.0}",dart,0.03,12,25,28.921400347552463,24.273878013548682,1.0
0.8556667992526521,0.0029489821809412747,"{'model__boosting_type': 'gbdt', 'model__learning_rate': 0.01, 'model__max_depth': 13, 'model__min_child_samples': 150, 'model__reg_alpha': 24.261123074525738, 'model__reg_lambda': 4.461116821875519, 'model__subsample': 1.0}",gbdt,0.01,13,150,24.261123074525738,4.461116821875519,1.0
0.855561229206215,0.003035815977590117,"{'model__boosting_type': 'gbdt', 'model__learning_rate': 0.01, 'model__max_depth': 18, 'model__min_child_samples': 25, 'model__reg_alpha': 15.367833736886716, 'model__reg_lambda': 27.52082381647684, 'model__subsample': 1.0}",gbdt,0.01,18,25,15.367833736886716,27.52082381647684,1.0
0.8553733711899479,0.0032740504407539196,"{'model__boosting_type': 'gbdt', 'model__learning_rate': 0.01, 'model__max_depth': 15, 'model__min_child_samples': 75, 'model__reg_alpha': 9.898391874594466, 'model__reg_lambda': 62.94171547317996, 'model__subsample': 1.0}",gbdt,0.01,15,75,9.898391874594466,62.94171547317996,1.0
0.8549522006500055,0.003246144243969332,"{'model__boosting_type': 'gbdt', 'model__learning_rate': 0.01, 'model__max_depth': 7, 'model__min_child_samples': 75, 'model__reg_alpha': 17.990070630346352, 'model__reg_lambda': 31.905451748946238, 'model__subsample': 1.0}",gbdt,0.01,7,75,17.990070630346352,31.905451748946238,1.0
0.8547909722356497,0.0030220950287383865,"{'model__boosting_type': 'gbdt', 'model__learning_rate': 0.005, 'model__max_depth': 13, 'model__min_child_samples': 25, 'model__reg_alpha': 14.708623168636029, 'model__reg_lambda': 2.3048357864696953, 'model__subsample': 1.0}",gbdt,0.005,13,25,14.708623168636029,2.3048357864696953,1.0
0.8547002667019532,0.003185848308683847,"{'model__boosting_type': 'gbdt', 'model__learning_rate': 0.01, 'model__max_depth': 14, 'model__min_child_samples': 25, 'model__reg_alpha': 41.90459278851701, 'model__reg_lambda': 13.15309446998215, 'model__subsample': 0.6}",gbdt,0.01,14,25,41.90459278851701,13.15309446998215,0.6
0.8546845037670675,0.0031052765934824708,"{'model__boosting_type': 'gbdt', 'model__learning_rate': 0.01, 'model__max_depth': 7, 'model__min_child_samples': 25, 'model__reg_alpha': 22.341551233218816, 'model__reg_lambda': 38.44487325846998, 'model__subsample': 1.0}",gbdt,0.01,7,25,22.341551233218816,38.44487325846998,1.0
0.85451926050875,0.0030338209123952162,"{'model__boosting_type': 'gbdt', 'model__learning_rate': 0.005, 'model__max_depth': 20, 'model__min_child_samples': 25, 'model__reg_alpha': 15.748796185611713, 'model__reg_lambda': 17.648073359555852, 'model__subsample': 0.7}",gbdt,0.005,20,25,15.748796185611713,17.648073359555852,0.7
0.8543687588059681,0.003189230740980621,"{'model__boosting_type': 'gbdt', 'model__learning_rate': 0.005, 'model__max_depth': 27, 'model__min_child_samples': 25, 'model__reg_alpha': 25.235076212948908, 'model__reg_lambda': 5.573698467983853, 'model__subsample': 0.7}",gbdt,0.005,27,25,25.235076212948908,5.573698467983853,0.7
0.854295336582004,0.002851795162048133,"{'model__boosting_type': 'dart', 'model__learning_rate': 0.01, 'model__max_depth': 28, 'model__min_child_samples': 100, 'model__reg_alpha': 11.818773311262294, 'model__reg_lambda': 12.849988925709425, 'model__subsample': 1.0}",dart,0.01,28,100,11.818773311262294,12.849988925709425,1.0
0.8542843164287156,0.00334531330321169,"{'model__boosting_type': 'dart', 'model__learning_rate': 0.03, 'model__max_depth': 15, 'model__min_child_samples': 75, 'model__reg_alpha': 26.72675141006031, 'model__reg_lambda': 83.05934258486008, 'model__subsample': 0.8}",dart,0.03,15,75,26.72675141006031,83.05934258486008,0.8
0.8538425836971631,0.003457186772160367,"{'model__boosting_type': 'gbdt', 'model__learning_rate': 0.005, 'model__max_depth': 7, 'model__min_child_samples': 50, 'model__reg_alpha': 4.821611065101449, 'model__reg_lambda': 27.658590655283533, 'model__subsample': 1.0}",gbdt,0.005,7,50,4.821611065101449,27.658590655283533,1.0
0.8538248243096804,0.003205371821333505,"{'model__boosting_type': 'gbdt', 'model__learning_rate': 0.005, 'model__max_depth': 13, 'model__min_child_samples': 25, 'model__reg_alpha': 23.363624395711135, 'model__reg_lambda': 23.35947960809618, 'model__subsample': 1.0}",gbdt,0.005,13,25,23.363624395711135,23.35947960809618,1.0
0.8537683514959346,0.0031311667798149764,"{'model__boosting_type': 'gbdt', 'model__learning_rate': 0.005, 'model__max_depth': 8, 'model__min_child_samples': 10, 'model__reg_alpha': 22.503018104994602, 'model__reg_lambda': 26.781503722261398, 'model__subsample': 1.0}",gbdt,0.005,8,10,22.503018104994602,26.781503722261398,1.0
0.853746728557172,0.0032211296849086733,"{'model__boosting_type': 'gbdt', 'model__learning_rate': 0.005, 'model__max_depth': 21, 'model__min_child_samples': 50, 'model__reg_alpha': 27.150630024236733, 'model__reg_lambda': 16.132524738614357, 'model__subsample': 0.9}",gbdt,0.005,21,50,27.150630024236733,16.132524738614357,0.9
0.8536575951444011,0.004063774836045719,"{'model__boosting_type': 'dart', 'model__learning_rate': 0.1, 'model__max_depth': 3, 'model__min_child_samples': 25, 'model__reg_alpha': 15.902406270442961, 'model__reg_lambda': 86.80464372740343, 'model__subsample': 0.6}",dart,0.1,3,25,15.902406270442961,86.80464372740343,0.6
0.8536188029212104,0.003473078857477613,"{'model__boosting_type': 'dart', 'model__learning_rate': 0.03, 'model__max_depth': 6, 'model__min_child_samples': 75, 'model__reg_alpha': 2.2630288679654664, 'model__reg_lambda': 95.08170011833312, 'model__subsample': 0.6}",dart,0.03,6,75,2.2630288679654664,95.08170011833312,0.6
0.8535425711665475,0.003376817987991532,"{'model__boosting_type': 'dart', 'model__learning_rate': 0.03, 'model__max_depth': 16, 'model__min_child_samples': 50, 'model__reg_alpha': 41.01277476340921, 'model__reg_lambda': 70.28021307836786, 'model__subsample': 0.8}",dart,0.03,16,50,41.01277476340921,70.28021307836786,0.8
0.8532204912566981,0.0031292546658231936,"{'model__boosting_type': 'dart', 'model__learning_rate': 0.01, 'model__max_depth': 10, 'model__min_child_samples': 150, 'model__reg_alpha': 28.235691918947595, 'model__reg_lambda': 22.380789097029897, 'model__subsample': 0.9}",dart,0.01,10,150,28.235691918947595,22.380789097029897,0.9
0.8531631682266113,0.003710445413397752,"{'model__boosting_type': 'gbdt', 'model__learning_rate': 0.005, 'model__max_depth': 20, 'model__min_child_samples': 75, 'model__reg_alpha': 8.227209594142183, 'model__reg_lambda': 78.69040635655068, 'model__subsample': 1.0}",gbdt,0.005,20,75,8.227209594142183,78.69040635655068,1.0
0.8531354446904491,0.0034194744971956428,"{'model__boosting_type': 'dart', 'model__learning_rate': 0.05, 'model__max_depth': 4, 'model__min_child_samples': 150, 'model__reg_alpha': 6.112662039523556, 'model__reg_lambda': 14.694777269199427, 'model__subsample': 0.6}",dart,0.05,4,150,6.112662039523556,14.694777269199427,0.6
0.852935174162283,0.003047643392166164,"{'model__boosting_type': 'dart', 'model__learning_rate': 0.01, 'model__max_depth': 12, 'model__min_child_samples': 75, 'model__reg_alpha': 32.47785784675691, 'model__reg_lambda': 14.595042935464175, 'model__subsample': 0.7}",dart,0.01,12,75,32.47785784675691,14.595042935464175,0.7
0.8528914190116451,0.0035142439168691264,"{'model__boosting_type': 'dart', 'model__learning_rate': 0.01, 'model__max_depth': 21, 'model__min_child_samples': 150, 'model__reg_alpha': 24.28593239981406, 'model__reg_lambda': 40.73485956025402, 'model__subsample': 0.7}",dart,0.01,21,150,24.28593239981406,40.73485956025402,0.7
0.8524244387195866,0.0033661862008579875,"{'model__boosting_type': 'gbdt', 'model__learning_rate': 0.005, 'model__max_depth': 22, 'model__min_child_samples': 50, 'model__reg_alpha': 52.45990063984451, 'model__reg_lambda': 8.163160414994147, 'model__subsample': 1.0}",gbdt,0.005,22,50,52.45990063984451,8.163160414994147,1.0
0.8523921992722933,0.0032601881961725155,"{'model__boosting_type': 'gbdt', 'model__learning_rate': 0.01, 'model__max_depth': 18, 'model__min_child_samples': 150, 'model__reg_alpha': 46.97103055339882, 'model__reg_lambda': 84.05267116059545, 'model__subsample': 0.8}",gbdt,0.01,18,150,46.97103055339882,84.05267116059545,0.8
0.8520113681333672,0.004005180337130955,"{'model__boosting_type': 'dart', 'model__learning_rate': 0.05, 'model__max_depth': 4, 'model__min_child_samples': 50, 'model__reg_alpha': 35.530048034153346, 'model__reg_lambda': 96.22621366645166, 'model__subsample': 0.9}",dart,0.05,4,50,35.530048034153346,96.22621366645166,0.9
0.8519443165793014,0.0032884080832813315,"{'model__boosting_type': 'dart', 'model__learning_rate': 0.01, 'model__max_depth': 26, 'model__min_child_samples': 75, 'model__reg_alpha': 47.87886683488047, 'model__reg_lambda': 29.042749808315634, 'model__subsample': 0.6}",dart,0.01,26,75,47.87886683488047,29.042749808315634,0.6
0.8517546573647495,0.003575822723606929,"{'model__boosting_type': 'gbdt', 'model__learning_rate': 0.01, 'model__max_depth': 22, 'model__min_child_samples': 75, 'model__reg_alpha': 67.58242580770901, 'model__reg_lambda': 55.56251003340894, 'model__subsample': 0.8}",gbdt,0.01,22,75,67.58242580770901,55.56251003340894,0.8
0.8516378364255723,0.003448028789338625,"{'model__boosting_type': 'gbdt', 'model__learning_rate': 0.005, 'model__max_depth': 15, 'model__min_child_samples': 10, 'model__reg_alpha': 59.81658737745501, 'model__reg_lambda': 19.847127405958073, 'model__subsample': 1.0}",gbdt,0.005,15,10,59.81658737745501,19.847127405958073,1.0
0.8503496785322866,0.003717889133397871,"{'model__boosting_type': 'dart', 'model__learning_rate': 0.005, 'model__max_depth': 21, 'model__min_child_samples': 25, 'model__reg_alpha': 4.519841649680004, 'model__reg_lambda': 81.20708890295393, 'model__subsample': 0.8}",dart,0.005,21,25,4.519841649680004,81.20708890295393,0.8
0.8490131090200054,0.002516649063208524,"{'model__boosting_type': 'dart', 'model__learning_rate': 0.01, 'model__max_depth': 11, 'model__min_child_samples': 75, 'model__reg_alpha': 48.996570972162104, 'model__reg_lambda': 61.80134056948251, 'model__subsample': 1.0}",dart,0.01,11,75,48.996570972162104,61.80134056948251,1.0
0.8489498537513471,0.0035502598473268736,"{'model__boosting_type': 'gbdt', 'model__learning_rate': 0.005, 'model__max_depth': 5, 'model__min_child_samples': 50, 'model__reg_alpha': 2.710813256350818, 'model__reg_lambda': 39.30280984567863, 'model__subsample': 1.0}",gbdt,0.005,5,50,2.710813256350818,39.30280984567863,1.0
0.8487955198999362,0.003506617708468523,"{'model__boosting_type': 'gbdt', 'model__learning_rate': 0.005, 'model__max_depth': 5, 'model__min_child_samples': 25, 'model__reg_alpha': 21.150972046850324, 'model__reg_lambda': 45.253785456132995, 'model__subsample': 0.8}",gbdt,0.005,5,25,21.150972046850324,45.253785456132995,0.8
0.848600562874433,0.002833542921692813,"{'model__boosting_type': 'gbdt', 'model__learning_rate': 0.005, 'model__max_depth': 13, 'model__min_child_samples': 75, 'model__reg_alpha': 51.7616825460632, 'model__reg_lambda': 89.58921150059479, 'model__subsample': 0.6}",gbdt,0.005,13,75,51.7616825460632,89.58921150059479,0.6
0.8480917498284939,0.003299049151215104,"{'model__boosting_type': 'gbdt', 'model__learning_rate': 0.005, 'model__max_depth': 15, 'model__min_child_samples': 25, 'model__reg_alpha': 64.71898534362289, 'model__reg_lambda': 66.34999148381047, 'model__subsample': 1.0}",gbdt,0.005,15,25,64.71898534362289,66.34999148381047,1.0
0.8470156069880105,0.00346382155704434,"{'model__boosting_type': 'dart', 'model__learning_rate': 0.01, 'model__max_depth': 17, 'model__min_child_samples': 100, 'model__reg_alpha': 89.79300500806346, 'model__reg_lambda': 26.97149193324168, 'model__subsample': 0.6}",dart,0.01,17,100,89.79300500806346,26.97149193324168,0.6
0.8467282206804516,0.0031137054476360324,"{'model__boosting_type': 'gbdt', 'model__learning_rate': 0.005, 'model__max_depth': 24, 'model__min_child_samples': 25, 'model__reg_alpha': 98.76240808896594, 'model__reg_lambda': 46.634817430779485, 'model__subsample': 0.9}",gbdt,0.005,24,25,98.76240808896594,46.634817430779485,0.9
0.8455397775658813,0.0037087416090196127,"{'model__boosting_type': 'dart', 'model__learning_rate': 0.01, 'model__max_depth': 14, 'model__min_child_samples': 75, 'model__reg_alpha': 68.14082460413753, 'model__reg_lambda': 92.98291777197932, 'model__subsample': 0.8}",dart,0.01,14,75,68.14082460413753,92.98291777197932,0.8
0.845189607708188,0.003375493881327772,"{'model__boosting_type': 'dart', 'model__learning_rate': 0.01, 'model__max_depth': 7, 'model__min_child_samples': 25, 'model__reg_alpha': 81.23012322360177, 'model__reg_lambda': 74.10423562288153, 'model__subsample': 0.9}",dart,0.01,7,25,81.23012322360177,74.10423562288153,0.9
0.8440425589792462,0.0037226728229866,"{'model__boosting_type': 'gbdt', 'model__learning_rate': 0.005, 'model__max_depth': 4, 'model__min_child_samples': 100, 'model__reg_alpha': 8.55973522918222, 'model__reg_lambda': 36.07988453406555, 'model__subsample': 0.6}",gbdt,0.005,4,100,8.55973522918222,36.07988453406555,0.6
0.8365994563949917,0.0048841102453313036,"{'model__boosting_type': 'gbdt', 'model__learning_rate': 0.01, 'model__max_depth': 3, 'model__min_child_samples': 50, 'model__reg_alpha': 89.53238343456043, 'model__reg_lambda': 49.63500824294812, 'model__subsample': 0.9}",gbdt,0.01,3,50,89.53238343456043,49.63500824294812,0.9
